{
  "tiers": [
    {
      "trades": [
        {
          "wants": [
            {
              "item": "mc:oltinium",
              "quantity": 6
            }
          ],
          "gives": [
            {
              "item": "mc:tech",
              "quantity": 9
            }
          ]
        },
        {
          "wants": [
            {
              "item": "mc:qizilum",
              "quantity": 5
            }
          ],
          "gives": [
            {
              "item": "mc:tech",
              "quantity": 10
            }
          ]
        },
        {
          "wants": [
            {
              "item": "mc:kokius",
              "quantity": 9
            }
          ],
          "gives": [
            {
              "item": "mc:tech",
              "quantity": 23
            }
          ]
        },
        {
          "wants": [
            {
              "item": "mc:tech",
              "quantity": 20
            }
          ],
          "gives": [
            {
              "item": "mc:superior",
              "quantity": 1
            }
          ]
        },
        {
          "wants": [
            {
              "item": "mc:tech",
              "quantity": 20
            }
          ],
          "gives": [
            {
              "item": "mc:hulkbuster",
              "quantity": 1
            }
          ]
        },
        {
          "wants": [
            {
              "item": "mc:tech",
              "quantity": 20
            }
          ],
          "gives": [
            {
              "item": "mc:mark31",
              "quantity": 1
            }
          ]
        },
        {
          "wants": [
            {
              "item": "mc:tech",
              "quantity": 20
            }
          ],
          "gives": [
            {
              "item": "mc:mark8",
              "quantity": 1
            }
          ]
        },
        {
          "wants": [
            {
              "item": "mc:tech",
              "quantity": 20
            }
          ],
          "gives": [
            {
              "item": "mc:mark9",
              "quantity": 1
            }
          ]
        },
        {
          "wants": [
            {
              "item": "mc:tech",
              "quantity": 20
            }
          ],
          "gives": [
            {
              "item": "mc:mark10",
              "quantity": 1
            }
          ]
        },
        {
          "wants": [
            {
              "item": "mc:qizilum",
              "quantity": 20
            }
          ],
          "gives": [
            {
              "item": "mc:warmachine2",
              "quantity": 1
            }
          ]
        },
        {
          "wants": [
            {
              "item": "mc:tech",
              "quantity": 20
            }
          ],
          "gives": [
            {
              "item": "nk:superior",
              "quantity": 1
            }
          ]
        },
        {
          "wants": [
            {
              "item": "mc:kokius",
              "quantity": 20
            }
          ],
          "gives": [
            {
              "item": "mc:ironman2",
              "quantity": 1
            }
          ]
        },
        {
          "wants": [
            {
              "item": "mc:qizilum",
              "quantity": 20
            }
          ],
          "gives": [
            {
              "item": "mc:ironman",
              "quantity": 1
            }
          ]
        }
      ]
    }
  ]
}