{
	"format_version": "1.10.0",
	"particle_effect": {
		"description": {
			"identifier": "jey:fiayr",
			"basic_render_parameters": {
				"material": "particles_blend",
				"texture": "particles/shar"
			}
		},
		"components": {
			"minecraft:emitter_rate_steady": {
				"spawn_rate": 7,
				"max_particles": 30
			},
			"minecraft:emitter_lifetime_looping": {
				"active_time": 0.4
			},
			"minecraft:emitter_shape_box": {
				"offset": [0, 0.4, 0],
				"direction": "inwards"
			},
			"minecraft:particle_lifetime_expression": {
				"max_lifetime": "Math.random(1, 1.4)"
			},
			"minecraft:particle_initial_speed": 99,
			"minecraft:particle_motion_dynamic": {
				"linear_acceleration": ["(variable.particle_random_1-0.5)", 1, "(variable.particle_random_1-0.5)"]
			},
			"minecraft:particle_appearance_billboard": {
				"size": [0.4, 0.4],
				"facing_camera_mode": "rotate_xyz",
				"uv": {
					"texture_width": 755,
					"texture_height": 720,
					"uv": [0, 0],
					"uv_size": [755, 720]
				}
			},
			"minecraft:particle_appearance_tinting": {
				"color": {
					"interpolant": "v.particle_age / v.particle_lifetime",
					"gradient": {
						"0.0": "#FFFFC03C",
						"0.07": "#FFFFF4E4",
						"0.23": "#FFFFAB3C",
						"0.38": "#FFFF3C3C",
						"0.74": "#FF841F1F",
						"0.93": "#FFFF933C",
						"1.0": "#FFFFD17A"
					}
				}
			}
		}
	}
}