{
  "format_version": "1.8.0",
  "render_controllers": {
    "controller.render.player.mark2": {
      "geometry": "Geometry.mark2",
      "materials": [ { "*": "Material.default" } ],
      "textures": [ "Texture.mark2" ],
      "part_visibility": [
        { "*": false },
        { "rightArm": "variable.mark2 || query.get_equipped_item_name(0, 1) == '' || query.get_equipped_item_name(0, 1) == 'map'" },
        { "rightSleeve": false },
        { "leftArm": "variable.mark2 || (query.get_equipped_item_name(0, 1) == 'map' && query.get_equipped_item_name('off_hand') != 'shield') || (query.get_equipped_item_name('off_hand') == 'map' && !query.item_is_charged) || (!query.item_is_charged && (variable.item_use_normalized > 0 && variable.item_use_normalized < 1.0))" },
        { "leftSleeve": false },
        { "head": false },
        { "hat": false },
        { "body": false },
        { "jacket": false },
        { "rightLeg": false },
        { "leftLeg": false },
        { "rightPants": false },
        { "leftPants": false }
      ]
    },
    "controller.render.player.mark5": {
      "geometry": "Geometry.mark5",
      "materials": [ { "*": "Material.default" } ],
      "textures": [ "Texture.mark5" ],
      "part_visibility": [
        { "*": false },
        { "rightArm": "variable.mark5 || query.get_equipped_item_name(0, 1) == '' || query.get_equipped_item_name(0, 1) == 'map'" },
        { "rightSleeve": false },
        { "leftArm": "variable.mark5 || (query.get_equipped_item_name(0, 1) == 'map' && query.get_equipped_item_name('off_hand') != 'shield') || (query.get_equipped_item_name('off_hand') == 'map' && !query.item_is_charged) || (!query.item_is_charged && (variable.item_use_normalized > 0 && variable.item_use_normalized < 1.0))" },
        { "leftSleeve": false },
        { "head": false },
        { "hat": false },
        { "body": false },
        { "jacket": false },
        { "rightLeg": false },
        { "leftLeg": false },
        { "rightPants": false },
        { "leftPants": false }
      ]
    },
    "controller.render.player.mark8": {
      "geometry": "Geometry.mark8",
      "materials": [ { "*": "Material.default" } ],
      "textures": [ "Texture.mark8" ],
      "part_visibility": [
        { "*": false },
        { "rightArm": "variable.mark8 || query.get_equipped_item_name(0, 1) == '' || query.get_equipped_item_name(0, 1) == 'map'" },
        { "rightSleeve": false },
        { "leftArm": "variable.mark8 || (query.get_equipped_item_name(0, 1) == 'map' && query.get_equipped_item_name('off_hand') != 'shield') || (query.get_equipped_item_name('off_hand') == 'map' && !query.item_is_charged) || (!query.item_is_charged && (variable.item_use_normalized > 0 && variable.item_use_normalized < 1.0))" },
        { "leftSleeve": false },
        { "head": false },
        { "hat": false },
        { "body": false },
        { "jacket": false },
        { "rightLeg": false },
        { "leftLeg": false },
        { "rightPants": false },
        { "leftPants": false }
      ]
    },
    "controller.render.player.mark9": {
      "geometry": "Geometry.mark9",
      "materials": [ { "*": "Material.default" } ],
      "textures": [ "Texture.mark9" ],
      "part_visibility": [
        { "*": false },
        { "rightArm": "variable.mark9 || query.get_equipped_item_name(0, 1) == '' || query.get_equipped_item_name(0, 1) == 'map'" },
        { "rightSleeve": false },
        { "leftArm": "variable.mark9 || (query.get_equipped_item_name(0, 1) == 'map' && query.get_equipped_item_name('off_hand') != 'shield') || (query.get_equipped_item_name('off_hand') == 'map' && !query.item_is_charged) || (!query.item_is_charged && (variable.item_use_normalized > 0 && variable.item_use_normalized < 1.0))" },
        { "leftSleeve": false },
        { "head": false },
        { "hat": false },
        { "body": false },
        { "jacket": false },
        { "rightLeg": false },
        { "leftLeg": false },
        { "rightPants": false },
        { "leftPants": false }
      ]
    },
    "controller.render.player.mark10": {
      "geometry": "Geometry.mark10",
      "materials": [ { "*": "Material.default" } ],
      "textures": [ "Texture.mark10" ],
      "part_visibility": [
        { "*": false },
        { "rightArm": "variable.mark10 || query.get_equipped_item_name(0, 1) == '' || query.get_equipped_item_name(0, 1) == 'map'" },
        { "rightSleeve": false },
        { "leftArm": "variable.mark10 || (query.get_equipped_item_name(0, 1) == 'map' && query.get_equipped_item_name('off_hand') != 'shield') || (query.get_equipped_item_name('off_hand') == 'map' && !query.item_is_charged) || (!query.item_is_charged && (variable.item_use_normalized > 0 && variable.item_use_normalized < 1.0))" },
        { "leftSleeve": false },
        { "head": false },
        { "hat": false },
        { "body": false },
        { "jacket": false },
        { "rightLeg": false },
        { "leftLeg": false },
        { "rightPants": false },
        { "leftPants": false }
      ]
    },
    "controller.render.player.mark31": {
      "geometry": "Geometry.mark31",
      "materials": [ { "*": "Material.default" } ],
      "textures": [ "Texture.mark31" ],
      "part_visibility": [
        { "*": false },
        { "rightArm": "variable.mark31 || query.get_equipped_item_name(0, 1) == '' || query.get_equipped_item_name(0, 1) == 'map'" },
        { "rightSleeve": false },
        { "leftArm": "variable.mark31 || (query.get_equipped_item_name(0, 1) == 'map' && query.get_equipped_item_name('off_hand') != 'shield') || (query.get_equipped_item_name('off_hand') == 'map' && !query.item_is_charged) || (!query.item_is_charged && (variable.item_use_normalized > 0 && variable.item_use_normalized < 1.0))" },
        { "leftSleeve": false },
        { "head": false },
        { "hat": false },
        { "body": false },
        { "jacket": false },
        { "rightLeg": false },
        { "leftLeg": false },
        { "rightPants": false },
        { "leftPants": false }
      ]
    },
    "controller.render.player.superior": {
      "geometry": "Geometry.superior",
      "materials": [ { "*": "Material.default" } ],
      "textures": [ "Texture.superior" ],
      "part_visibility": [
        { "*": false },
        { "rightArm": "variable.superior || query.get_equipped_item_name(0, 1) == '' || query.get_equipped_item_name(0, 1) == 'map'" },
        { "rightSleeve": false },
        { "leftArm": "variable.superior || (query.get_equipped_item_name(0, 1) == 'map' && query.get_equipped_item_name('off_hand') != 'shield') || (query.get_equipped_item_name('off_hand') == 'map' && !query.item_is_charged) || (!query.item_is_charged && (variable.item_use_normalized > 0 && variable.item_use_normalized < 1.0))" },
        { "leftSleeve": false },
        { "head": false },
        { "hat": false },
        { "body": false },
        { "jacket": false },
        { "rightLeg": false },
        { "leftLeg": false },
        { "rightPants": false },
        { "leftPants": false }
      ]
    },
    "controller.render.player.hulkbuster": {
      "geometry": "Geometry.hulkbuster",
      "materials": [ { "*": "Material.default" } ],
      "textures": [ "Texture.hulkbuster" ],
      "part_visibility": [
        { "*": false },
        { "rightArm": "variable.hulkbuster || query.get_equipped_item_name(0, 1) == '' || query.get_equipped_item_name(0, 1) == 'map'" },
        { "rightSleeve": false },
        { "leftArm": "variable.hulkbuster || (query.get_equipped_item_name(0, 1) == 'map' && query.get_equipped_item_name('off_hand') != 'shield') || (query.get_equipped_item_name('off_hand') == 'map' && !query.item_is_charged) || (!query.item_is_charged && (variable.item_use_normalized > 0 && variable.item_use_normalized < 1.0))" },
        { "leftSleeve": false },
        { "head": false },
        { "hat": false },
        { "body": false },
        { "jacket": false },
        { "rightLeg": false },
        { "leftLeg": false },
        { "rightPants": false },
        { "leftPants": false }
      ]
    },
    "controller.render.player.warmachine": {
      "geometry": "Geometry.warmachine",
      "materials": [ { "*": "Material.default" } ],
      "textures": [ "Texture.warmachine" ],
      "part_visibility": [
        { "*": false },
        { "rightArm": "variable.warmachine || query.get_equipped_item_name(0, 1) == '' || query.get_equipped_item_name(0, 1) == 'map'" },
        { "rightSleeve": false },
        { "leftArm": "variable.warmachine || (query.get_equipped_item_name(0, 1) == 'map' && query.get_equipped_item_name('off_hand') != 'shield') || (query.get_equipped_item_name('off_hand') == 'map' && !query.item_is_charged) || (!query.item_is_charged && (variable.item_use_normalized > 0 && variable.item_use_normalized < 1.0))" },
        { "leftSleeve": false },
        { "head": false },
        { "hat": false },
        { "body": false },
        { "jacket": false },
        { "rightLeg": false },
        { "leftLeg": false },
        { "rightPants": false },
        { "leftPants": false }
      ]
    },
    "controller.render.player.warmachine2": {
      "geometry": "Geometry.warmachine2",
      "materials": [ { "*": "Material.default" } ],
      "textures": [ "Texture.warmachine2" ],
      "part_visibility": [
        { "*": false },
        { "rightArm": "variable.warmachine2 || query.get_equipped_item_name(0, 1) == '' || query.get_equipped_item_name(0, 1) == 'map'" },
        { "rightSleeve": false },
        { "leftArm": "variable.warmachine2 || (query.get_equipped_item_name(0, 1) == 'map' && query.get_equipped_item_name('off_hand') != 'shield') || (query.get_equipped_item_name('off_hand') == 'map' && !query.item_is_charged) || (!query.item_is_charged && (variable.item_use_normalized > 0 && variable.item_use_normalized < 1.0))" },
        { "leftSleeve": false },
        { "head": false },
        { "hat": false },
        { "body": false },
        { "jacket": false },
        { "rightLeg": false },
        { "leftLeg": false },
        { "rightPants": false },
        { "leftPants": false }
      ]
    }
  }
}
