{
  "format_version": "1.8.0",
  "render_controllers": {
    "controller.render.mc_jarvis": {
      "textures": [
        "Texture.mc_jarvis_3d"
      ],
      "geometry": "Geometry.mc_jarvis",
      "materials": [
        {
          "*": "Material.default"
        }
      ]
    },
    "controller.render.im": {
      "textures": [
        "Texture.im"
      ],
      "geometry": "Geometry.hadd",
      "materials": [
        {
          "*": "Material.sl"
        }
      ]
    },
    "controller.render.im2": {
      "textures": [
        "Texture.im2"
      ],
      "geometry": "Geometry.hadd",
      "materials": [
        {
          "*": "Material.sl"
        }
      ]
    },
    "controller.render.war": {
      "textures": [
        "Texture.war"
      ],
      "geometry": "Geometry.hadd",
      "materials": [
        {
          "*": "Material.sl"
        }
      ]
    },
    "controller.render.war2": {
      "textures": [
        "Texture.war2"
      ],
      "geometry": "Geometry.hadd",
      "materials": [
        {
          "*": "Material.sl"
        }
      ]
    },
    "controller.render.sup": {
      "textures": [
        "Texture.sup"
      ],
      "geometry": "Geometry.hadd",
      "materials": [
        {
          "*": "Material.sl"
        }
      ]
    }
  }
}