{
  "format_version": "1.8.0",
  "render_controllers": {
    "controller.render.mc_rocketblast": {
      "textures": [
        "Texture.mc_rocketblast_3d"
      ],
      "geometry": "Geometry.mc_rocketblast",
      "materials": [
        {
          "*": "Material.default"
        }
      ]
    },
    "controller.render.rlayer": {
      "textures": [
        "Texture.rlayer"
      ],
      "geometry": "Geometry.rlayer",
      "materials": [
        {
          "*": "Material.glow"
        }
      ]
    },
    "controller.render.blayer": {
      "textures": [
        "Texture.blayer"
      ],
      "geometry": "Geometry.rlayer",
      "materials": [
        {
          "*": "Material.glow"
        }
      ]
    },
    "controller.render.olov": {
      "textures": [
        "Texture.olov"
      ],
      "geometry": "Geometry.olov",
      "materials": [
        {
          "*": "Material.glow"
        }
      ]
    },
    "controller.render.olovoyoq": {
      "textures": [
        "Texture.olovoyoq"
      ],
      "geometry": "Geometry.olov",
      "materials": [
        {
          "*": "Material.glow"
        }
      ]
    },
    "controller.render.qizil": {
      "textures": [
        "Texture.qizil"
      ],
      "geometry": "Geometry.olov",
      "materials": [
        {
          "*": "Material.glow"
        }
      ]
    }
  }
}