{
  "format_version": "1.8.0",
  "render_controllers": {
    "controller.render.mc_suitcase": {
      "textures": [
        "Texture.mc_suitcase_3d"
      ],
      "geometry": "Geometry.mc_suitcase",
      "materials": [
        {
          "*": "Material.default"
        }
      ]
    },
    "controller.render.mark2": {
      "textures": [
        "Texture.mark2"
      ],
      "geometry": "Geometry.mark2",
      "materials": [
        {
          "*": "Material.default"
        }
      ]
    },
    "controller.render.mark5": {
      "textures": [
        "Texture.mark5"
      ],
      "geometry": "Geometry.mark5",
      "materials": [
        {
          "*": "Material.default"
        }
      ]
    },
    "controller.render.mark8": {
      "textures": [
        "Texture.mark8"
      ],
      "geometry": "Geometry.mark8",
      "materials": [
        {
          "*": "Material.default"
        }
      ]
    },
    "controller.render.mark9": {
      "textures": [
        "Texture.mark9"
      ],
      "geometry": "Geometry.mark9",
      "materials": [
        {
          "*": "Material.default"
        }
      ]
    },
    "controller.render.mark10": {
      "textures": [
        "Texture.mark10"
      ],
      "geometry": "Geometry.mark10",
      "materials": [
        {
          "*": "Material.default"
        }
      ]
    },
    "controller.render.superior": {
      "textures": [
        "Texture.superior"
      ],
      "geometry": "Geometry.superior",
      "materials": [
        {
          "*": "Material.default"
        }
      ]
    },
    "controller.render.warmachine": {
      "textures": [
        "Texture.warmachine"
      ],
      "geometry": "Geometry.warmachine",
      "materials": [
        {
          "*": "Material.default"
        }
      ]
    },
    "controller.render.warmachine2": {
      "textures": [
        "Texture.warmachine2"
      ],
      "geometry": "Geometry.warmachine2",
      "materials": [
        {
          "*": "Material.default"
        }
      ]
    },
    "controller.render.mark31": {
      "textures": [
        "Texture.mark31"
      ],
      "geometry": "Geometry.mark31",
      "materials": [
        {
          "*": "Material.default"
        }
      ]
    },
    "controller.render.hulkbuster": {
      "textures": [
        "Texture.hulkbuster"
      ],
      "geometry": "Geometry.hulkbuster",
      "materials": [
        {
          "*": "Material.default"
        }
      ]
    },
    "controller.render.prototype": {
      "textures": [
        "Texture.prototype"
      ],
      "geometry": "Geometry.prototype",
      "materials": [
        {
          "*": "Material.default"
        }
      ]
    },
    "controller.render.w1": {
      "textures": [
        "Texture.w1"
      ],
      "geometry": "Geometry.had",
      "materials": [
        {
          "*": "Material.sl"
        }
      ]
    },
    "controller.render.w2": {
      "textures": [
        "Texture.w2"
      ],
      "geometry": "Geometry.had",
      "materials": [
        {
          "*": "Material.sl"
        }
      ]
    },
    "controller.render.w3": {
      "textures": [
        "Texture.w3"
      ],
      "geometry": "Geometry.had",
      "materials": [
        {
          "*": "Material.sl"
        }
      ]
    },
    "controller.render.w4": {
      "textures": [
        "Texture.w4"
      ],
      "geometry": "Geometry.had",
      "materials": [
        {
          "*": "Material.sl"
        }
      ]
    },
    "controller.render.w5": {
      "textures": [
        "Texture.w5"
      ],
      "geometry": "Geometry.had",
      "materials": [
        {
          "*": "Material.sl"
        }
      ]
    },
    "controller.render.w6": {
      "textures": [
        "Texture.w6"
      ],
      "geometry": "Geometry.had",
      "materials": [
        {
          "*": "Material.sl"
        }
      ]
    },
    "controller.render.bir": {
      "textures": [
        "Texture.bir"
      ],
      "geometry": "Geometry.had",
      "materials": [
        {
          "*": "Material.default"
        }
      ]
    },
    "controller.render.ikki": {
      "textures": [
        "Texture.ikki"
      ],
      "geometry": "Geometry.had",
      "materials": [
        {
          "*": "Material.default"
        }
      ]
    },
    "controller.render.uch": {
      "textures": [
        "Texture.uch"
      ],
      "geometry": "Geometry.had",
      "materials": [
        {
          "*": "Material.default"
        }
      ]
    },
    "controller.render.tort": {
      "textures": [
        "Texture.tort"
      ],
      "geometry": "Geometry.had",
      "materials": [
        {
          "*": "Material.default"
        }
      ]
    },
    "controller.render.besh": {
      "textures": [
        "Texture.besh"
      ],
      "geometry": "Geometry.had",
      "materials": [
        {
          "*": "Material.default"
        }
      ]
    },
    "controller.render.olti": {
      "textures": [
        "Texture.olti"
      ],
      "geometry": "Geometry.had",
      "materials": [
        {
          "*": "Material.default"
        }
      ]
    },
    "controller.render.yetti": {
      "textures": [
        "Texture.yetti"
      ],
      "geometry": "Geometry.had",
      "materials": [
        {
          "*": "Material.default"
        }
      ]
    },
    "controller.render.sakkiz": {
      "textures": [
        "Texture.sakkiz"
      ],
      "geometry": "Geometry.had",
      "materials": [
        {
          "*": "Material.default"
        }
      ]
    },
    "controller.render.toqqiz": {
      "textures": [
        "Texture.toqqiz"
      ],
      "geometry": "Geometry.had",
      "materials": [
        {
          "*": "Material.default"
        }
      ]
    },
    "controller.render.on": {
      "textures": [
        "Texture.on"
      ],
      "geometry": "Geometry.had",
      "materials": [
        {
          "*": "Material.default"
        }
      ]
    }
  }
}