{
  "format_version": "1.8.0",
  "minecraft:attachable": {
    "description": {
      "identifier": "mc:mark2",
      "materials": {
        "default": "entity_emissive_alpha",
        "enchanted": "entity_emissive_alpha_glint"
      },
      "textures": {
        "default": "textures/entity/pamobile/mc_mark2",
        "enchanted": "textures/misc/enchanted_item_glint"
      },
      "geometry": {
        "default": "geometry.mc_mark2"
      },
      "scripts": {
        "parent_setup": "variable.helmet_layer_visible = 0.0;"
      },
      "render_controllers": [
        "controller.render.armor"
      ]
    }
  }
}