{
  "format_version": "1.10",
  "minecraft:item": {
    "description": {
      "identifier": "mc:oltinium",
      "category": "items"
    },
    "components": {
      "minecraft:hand_equipped": false,
      "minecraft:max_stack_size": 64,
      "minecraft:foil": false,
      "minecraft:stack_by_data": true,
      "minecraft:fuel": {
        "duration": 500
      },
      "minecraft:icon": {
        "texture": "mc:oltinium"
      },
      "minecraft:display_name": {
        "value": "OLTINUM MATERIAL"
      }
    }
  }
}