{
	"format_version": "1.10.0",
	"animations": {
		"animation.lan": {
			"timeline": {
				"0.0": "/playanimation @p animation.uchishga.tayyorlan",
				"0.3": "/gamerule sendcommandfeedback false",
				"0.5": "/effect @p slowness 2 3 true",
				"0.6": "/gamerule sendcommandfeedback false",
				"0.5417": "/gamerule sendcommandfeedback false",
				"0.624": "/gamerule sendcommandfeedback false",
				"0.7": "/gamerule sendcommandfeedback false",
				"1.0": "/gamerule sendcommandfeedback false",
				"1.3": "/function ride"
				

			},
			"animation_length": 1.5,
			"loop": false
		}
	}
}