{
    "game_background@common_dialogs.dialog_background_hollow_common": {
        "size": [
            "100%",
            "210%c + 31px"
        ],
        "texture": "textures/ui/orqa",
        "$fill_alpha": 0
    },
    "dialog_button": {
        "type": "panel",
        "size": [
            "40%",
            "100%c"
        ],
        "controls": [
            {
                "button@common_buttons.light_text_form_fitting_button": {
                    "$pressed_button_name": "button.dialog_button",
                    "$button_text": "npcscreen.editdialog",
                    "layer": 4,
                    "$default_button_texture": "textures/ui/button_borderless_blue",
                    "anchor_from": "bottom_left",
                    "anchor_to": "bottom_left",
                    "offset": [
                        0,
                        80
                    ]
                }
            }
        ]
    },
    "game_teacher_view_content": {
        "type": "panel",
        "size": [
            "100%",
            "280%cm"
        ],
        "controls": [
            {
                "close@npc_interact.close_button_holder": {
                    "$close_button_to_button_id": "button.exit_student"
                }
            },
            {
                "change_log@npc_interact.game_change_log": {}
            }
        ]
    },
    "game_change_log@common.empty_panel": {
        "size": [
            "100%",
            97
        ],
        "anchor_from": "center",
        "anchor_to": "center",
        "controls": [
            {
                "dialog_button@npc_interact.dialog_button": {}
            }
        ]
    },
    "student_button@common.empty_panel": {
        "size": "$button_size",
        "controls": [
            {
                "button@common_buttons.light_text_button": {
                    "$button_type_panel": "npc_interact.student_button_label_panel",
                    "$pressed_button_name": "button.student_button",
                    "layer": 4,
                    "$default_button_texture": "textures/ui/button_borderless_blue",
                    "size": [
                        "70% - 2px",
                        "70% - 2px"
                    ],
                    "bindings": [
                        {
                            "binding_type": "collection_details",
                            "binding_collection_name": "student_buttons_collection",
                            "binding_collection_prefix": "student_buttons"
                        }
                    ]
                }
            }
        ],
        "bindings": [
            {
                "binding_name": "#student_button_visible",
                "binding_type": "collection",
                "binding_name_override": "#visible",
                "binding_collection_name": "student_buttons_collection"
            }
        ]
    },
    "game_student_view_content": {
        "type": "panel",
        "size": [
            "100%",
            "280%cm"
        ],
        "controls": [
            {
                "npc@npc_interact.game_npc": {
                    "bindings": [
                        {
                            "binding_name": "#title_text",
                            "binding_type": "global"
                        },
                        {
                            "binding_type": "view",
                            "source_property_name": "(not (#title_text = 'ui.suit.title'))",
                            "target_property_name": "#visible"
                        }
                    ]
                }
            },
            {
                "suit@npc_interact.game_suit": {
                    "bindings": [
                        {
                            "binding_name": "#title_text",
                            "binding_type": "global"
                        },
                        {
                            "binding_type": "view",
                            "source_property_name": "(#title_text = 'ui.suit.title')",
                            "target_property_name": "#visible"
                        }
                    ]
                }
            }
        ]
    },
    "game_npc@common.empty_panel": {
        "size": [
            "100%",
            97
        ],
        "anchor_from": "center",
        "anchor_to": "center",
        "controls": [
            {
                "close@npc_interact.close_button_holder": {
                    "$close_button_to_button_id": "button.exit_student"
                }
            },
            {
                "description@npc_interact.npc_message": {
                    "$enabled": false,
                    "size": [
                        "100%",
                        "100%"
                    ],
                    "anchor_from": "right_middle",
                    "anchor_to": "right_middle"
                }
            },
            {
                "buttons": {
                    "type": "panel",
                    "size": [
                        "100%",
                        24
                    ],
                    "$button_size": [
                        "33.3333%",
                        20
                    ],
                    "anchor_from": "bottom_left",
                    "anchor_to": "bottom_left",
                    "offset": [
                        0,
                        0
                    ],
                    "controls": [
                        {
                            "buttons@npc_interact.student_buttons": {}
                        }
                    ]
                }
            }
        ]
    },
    "game_suit@common.empty_panel": {
        "size": [
            "100%",
            97
        ],
        "anchor_from": "center",
        "anchor_to": "center",
        "controls": [
            {
                "description@npc_interact.npc_message": {
                    "$enabled": false,
                    "size": [
                        "60%",
                        "100%"
                    ],
                    "anchor_from": "right_middle",
                    "anchor_to": "right_middle"
                }
            },
            {
                "buttons": {
                    "type": "panel",
                    "size": [
                        "60%",
                        24
                    ],
                    "$button_size": [
                        "33.3333%",
                        20
                    ],
                    "anchor_from": "bottom_right",
                    "anchor_to": "bottom_right",
                    "offset": [
                        0,
                        0
                    ],
                    "controls": [
                        {
                            "buttons@npc_interact.student_buttons": {}
                        }
                    ]
                }
            }
        ]
    },
    "game_contents": {
        "type": "panel",
        "controls": [
            {
                "teacher@common_dialogs.form_fitting_main_panel_no_buttons": {
                    "$panel_size": [
                        250,
                        "260%cm"
                    ],
                    "size": "$panel_size",
                    "$child_control": "npc_interact.game_teacher_view_content",
                    "$title_panel": "common_dialogs.standard_title_label",
                    "$text_name": "#title_text",
                    "$title_text_binding_type": "global",
                    "$show_close_button": false,
                    "$custom_background": "npc_interact.game_background",
                    "bindings": [
                        {
                            "binding_name": "#teacher_view_visible",
                            "binding_name_override": "#visible",
                            "binding_type": "global"
                        }
                    ]
                }
            },
            {
                "student@common_dialogs.form_fitting_main_panel_no_buttons": {
                    "$panel_size": [
                        250,
                        "100%cm"
                    ],
                    "size": "$panel_size",
                    "$child_control": "npc_interact.game_student_view_content",
                    "$title_panel": "common_dialogs.standard_title_label",
                    "$text_name": "#title_text",
                    "$title_text_binding_type": "global",
                    "$show_close_button": false,
                    "$custom_background": "npc_interact.game_background",
                    "bindings": [
                        {
                            "binding_name": "#student_view_visible",
                            "binding_name_override": "#visible",
                            "binding_type": "global"
                        }
                    ]
                }
            },
            {
                "npc_screen_close@npc_interact.close_text": {
                    "anchor_to": "bottom_left",
                    "anchor_from": "bottom_left",
                    "offset": [
                        20,
                        0
                    ]
                }
            }
        ]
    },
    "npc_screen@common.base_screen": {
        "type": "screen",
        "$screen_content": "npc_interact.game_contents",
        "button_mappings": [
            {
                "from_button_id": "button.menu_exit",
                "to_button_id": "button.menu_continue",
                "mapping_type": "global"
            }
        ]
    }
}