{
	"format_version": "1.10.0",
	"animations": {
		"animation.shaza": {
			"timeline": {
				"0.0": "/scoreboard players set @p mark 5",
				"0.3": "/gamerule sendcommandfeedback false",
				"0.5": "/replaceitem entity @p slot.armor.head 0 mc:mark5",
				"0.6": "/gamerule sendcommandfeedback false",
				"0.5417": "/gamerule sendcommandfeedback false",
				"0.624": "/gamerule sendcommandfeedback false",
				"0.7": "/clear @p mc:suitcase",
				"1.0": "/gamerule sendcommandfeedback false"
				

			},
			"animation_length": 1.5,
			"loop": false
		}
	}
}