{
  "mc_jarviss5_shot": {
    "category": "neutral",
    "sounds": [
      "sounds/mc_jarviss5_shot"
    ]
  },
  "lan": {
    "category": "neutral",
    "sounds": [
      "sounds/lan"
    ]
  },
  "laz": {
    "category": "neutral",
    "sounds": [
      "sounds/laz"
    ]
  },
  "maskoff": {
    "category": "neutral",
    "sounds": [
      "sounds/maskoff"
    ]
  },
  "maskon": {
    "category": "neutral",
    "sounds": [
      "sounds/maskon"
    ]
  },
  "lup": {
    "category": "neutral",
    "sounds": [
      "sounds/repl"
    ]
  },
  "missile": {
    "category": "neutral",
    "sounds": [
      "sounds/missile"
    ]
  },
  "mc_jarviss4_shot": {
    "category": "neutral",
    "sounds": [
      "sounds/mc_jarviss4_shot"
    ]
  }
}