{
  "resource_pack_name": "vanilla",
  "texture_name": "atlas.items",
  "texture_data": {
    "egg_camel": {
      "textures": "textures/items/egg_camel"
    },
    "egg_lion": {
      "textures": "textures/items/egg_lion"
    },
    "egg_penguin": {
      "textures": "textures/items/egg_penguin"
    },
    "egg_tiger": {
      "textures": "textures/items/egg_tiger"
    },
    "egg_elephant": {
      "textures": "textures/items/egg_elephant"
    },
    "egg_deer": {
      "textures": "textures/items/egg_deer"
    },
    "egg_panther": {
      "textures": "textures/items/egg_panther"
    },
    "egg_frog": {
      "textures": "textures/items/egg_frog"
    },
    "egg_crocodile": {
      "textures": "textures/items/egg_crocodile"
    },
    "egg_mouse": {
      "textures": "textures/items/egg_mouse"
    },
    "gallardo": {
      "textures": "textures/items/gallardo"
    },
    "bench": {
      "textures": "textures/items/bench"
    },
    "christmas_tree": {
      "textures": "textures/items/christmas_tree"
    },
    "tivi": {
      "textures": "textures/items/tivi"
    },
    "closet": {
      "textures": "textures/items/closet"
    },
    "laptop": {
      "textures": "textures/items/laptop"
    },
    "piano": {
      "textures": "textures/items/piano"
    },
    "armchairs": {
      "textures": "textures/items/armchairs"
    },
    "chair": {
      "textures": "textures/items/chair"
    },
    "big_table": {
      "textures": "textures/items/big_table"
    },
    "small_table": {
      "textures": "textures/items/small_table"
    },
    "drone": {
      "textures": "textures/items/drone"
    },
    "colorful_gifts": {
      "textures": "textures/items/colorful_gifts"
    },
    "mc_hulkbuster": {
      "textures": [
        "textures/items/mcjey/mc_hulkbuster"
      ]
    },
    "mc_mark2": {
      "textures": [
        "textures/items/mcjey/mc_mark2"
      ]
    },
    "mc_mark8": {
      "textures": [
        "textures/items/mcjey/mc_mark8"
      ]
    },
    "mc_mark31": {
      "textures": [
        "textures/items/mcjey/mc_mark31"
      ]
    },
    "mc_superior": {
      "textures": [
        "textures/items/mcjey/mc_superior"
      ]
    },
    "mc_mark5": {
      "textures": [
        "textures/items/mcjey/mc_mark5"
      ]
    },
    "mc_warmachine": {
      "textures": [
        "textures/items/mcjey/mc_warmachine"
      ]
    },
    "mc_mark9": {
      "textures": [
        "textures/items/mcjey/mc_mark9"
      ]
    },
    "mc_mark10": {
      "textures": [
        "textures/items/mcjey/mc_mark10"
      ]
    },
    "mc_warmachine2": {
      "textures": [
        "textures/items/mcjey/mc_warmachine2"
      ]
    },
    "mc_ironshield": {
      "textures": "textures/items/mcjey/mc_ironshield"
    },
    "mc_laserz": {
      "textures": "textures/items/mcjey/mc_laserz"
    },
    "mc_megarepulsor": {
      "textures": "textures/items/mcjey/mc_megarepulsor"
    },
    "mc_reactorbm": {
      "textures": "textures/items/mcjey/mc_reactorbm"
    },
    "mc_repulsors": {
      "textures": "textures/items/mcjey/mc_repulsors"
    },
    "mc_megarepulsorspr": {
      "textures": "textures/items/mcjey/mc_megarepulsorspr"
    },
    "mc_suitcase": {
      "textures": "textures/items/mcjey/mc_suitcase"
    },
    "mc_rocketblast": {
      "textures": "textures/items/mcjey/mc_rocketblast"
    },
    "mc_repulsorsuperior": {
      "textures": "textures/items/mcjey/mc_repulsorsuperior"
    },
    "mc_blastgun": {
      "textures": "textures/items/mcjey/mc_blastgun"
    },
    "mc_suitlar": {
      "textures": "textures/items/mcjey/mc_suitlar"
    },
    "mc_jarvis": {
      "textures": "textures/items/mcjey/mc_jarvis"
    },
    "mc_prototype": {
      "textures": [
        "textures/items/mcjey/mc_prototype"
      ]
    },
    "mc:qizilum": {
      "textures": "textures/items/mcjey/mc_qizilum"
    },
    "mc:oltinium": {
      "textures": "textures/items/mcjey/mc_oltinium"
    },
    "mc:tech": {
      "textures": "textures/items/mcjey/mc_tech"
    },
    "mc:kokius": {
      "textures": "textures/items/mcjey/mc_kokius"
    },
    "mc:suit_stand": {
      "textures": "textures/items/mcjey/mc_suit_stand"
    },
    "mc:workbench": {
      "textures": "textures/items/mcjey/mc_workbench"
    },
    "mc_flighton": {
      "textures": "textures/items/mcjey/flight"
    }
  }
}