{
  "format_version": "1.10.0",
  "minecraft:client_entity": {
    "description": {
      "identifier": "minecraft:player",
      "materials": {
        "default": "entity_emissive_alpha",
        "cape": "entity_alphatest",
        "animated": "player_animated",
        "sl": "slime_outer",
        "glow": "charged_creeper"
      },
      "textures": {
        "default": "textures/entity/steve",
        "cape": "textures/entity/cape_invisible",
        "mc_ironshield_3d": "textures/entity/pamobile/3d/mc_ironshield",
        "mc_reactorbm_3d": "textures/entity/pamobile/3d/mc_reactorbm",
        "mc_megarepulsor_3d": "textures/entity/pamobile/3d/mc_megarepulsor",
        "mc_rocketblast_3d": "textures/entity/pamobile/3d/mc_rocketblast",
        "mc_laserz_3d": "textures/entity/pamobile/3d/mc_laserz",
        "mc_repulsors_3d": "textures/entity/pamobile/3d/mc_repulsors",
        "mc_megarepulsorspr_3d": "textures/entity/pamobile/3d/mc_megarepulsorspr",
        "mc_suitcase_3d": "textures/entity/pamobile/3d/mc_suitcase",
        "mc_repulsorsuperior_3d": "textures/entity/pamobile/3d/mc_repulsorsuperior",
        "mc_blastgun_3d": "textures/entity/pamobile/3d/mc_blastgun",
        "mc_jarvis_3d": "textures/entity/pamobile/3d/mc_jarvis",
        "mark2": "textures/entity/pamobile/mc_mark2",
        "mark5": "textures/entity/pamobile/mc_mark5",
        "mark8": "textures/entity/pamobile/mc_mark8",
        "mark9": "textures/entity/pamobile/mc_mark9",
        "mark10": "textures/entity/pamobile/mc_mark10",
        "mark31": "textures/entity/pamobile/mc_mark31",
        "hulkbuster": "textures/entity/pamobile/mc_hulkbuster",
        "superior": "textures/entity/pamobile/mc_superior",
        "prototype": "textures/entity/pamobile/mc_prototype",
        "warmachine": "textures/entity/pamobile/mc_warmachine",
        "warmachine2": "textures/entity/pamobile/mc_warmachine2",
        "w1": "textures/ui/w1",
        "w2": "textures/ui/w2",
        "w3": "textures/ui/w3",
        "w4": "textures/ui/w4",
        "w5": "textures/ui/w5",
        "w6": "textures/ui/w6",
        "w7": "textures/ui/w7",
        "w8": "textures/ui/w8",
        "bir": "textures/suits/bir",
        "ikki": "textures/suits/ikki",
        "uch": "textures/suits/uch",
        "tort": "textures/suits/tort",
        "besh": "textures/suits/besh",
        "olti": "textures/suits/olti",
        "yetti": "textures/suits/yetti",
        "sakkiz": "textures/suits/sakkiz",
        "toqqiz": "textures/suits/toqqiz",
        "on": "textures/suits/on",
        "rlayer": "textures/entity/rlayer",
        "blayer": "textures/entity/blayer",
        "olov": "textures/entity/olov",
        "olovoyoq": "textures/entity/olovoyoq",
        "qizil": "textures/entity/qizil",
        "im": "textures/hud/im",
        "im2": "textures/hud/im2",
        "war": "textures/hud/war",
        "war2": "textures/hud/war2",
        "sup": "textures/hud/sup"
      },
      "geometry": {
        "default": "geometry.humanoid.custom",
        "cape": "geometry.cape",
        "mc_ironshield": "geometry.mc_ironshield",
        "mc_reactorbm": "geometry.mc_megarepulsor",
        "mc_megarepulsor": "geometry.mc_megarepulsor",
        "mc_rocketblast": "geometry.mc_rocketblast",
        "mc_laserz": "geometry.mc_laserz",
        "mc_repulsors": "geometry.mc_megarepulsor",
        "mc_megarepulsorspr": "geometry.mc_megarepulsor",
        "mc_suitcase": "geometry.mc_suitcase",
        "mc_repulsorsuperior": "geometry.mc_repulsorsuperior",
        "mc_blastgun": "geometry.mc_blastgun",
        "mc_jarvis": "geometry.mc_jarvis",
        "mark5": "geometry.mc_mark5",
        "mark2": "geometry.mc_mark2",
        "mark8": "geometry.mc_mark8",
        "mark9": "geometry.mc_mark9",
        "mark10": "geometry.mc_mark10",
        "mark31": "geometry.mc_mark31",
        "hulkbuster": "geometry.mc_hulkbuster",
        "superior": "geometry.mc_superior",
        "prototype": "geometry.mc_prototype",
        "warmachine": "geometry.mc_warmachine",
        "warmachine2": "geometry.mc_warmachine2",
        "had": "geometry.had",
        "rlayer": "geometry.rlayer",
        "olov": "geometry.olov",
        "hadd": "geometry.hadd"
      },
      "scripts": {
        "scale": "0.9375",
        "initialize": [
          "variable.is_holding_right = 0.0;",
          "variable.is_blinking = 0.0;",
          "variable.last_blink_time = 0.0;",
          "variable.hand_bob = 0.0;"
        ],
        "pre_animation": [
          "variable.is_third_person = (!variable.is_first_person && !variable.map_face_icon && !variable.is_paperdoll);",
          "variable.helmet_layer_visible = 1.0;",
          "variable.leg_layer_visible = 1.0;",
          "variable.boot_layer_visible = 1.0;",
          "variable.chest_layer_visible = 1.0;",
          "variable.attack_body_rot_y = Math.sin(360*Math.sqrt(variable.attack_time)) * 5.0;",
          "variable.tcos0 = (math.cos(query.modified_distance_moved * 38.17) * query.modified_move_speed / variable.gliding_speed_value) * 57.3;",
          "variable.first_person_rotation_factor = math.sin((1 - variable.attack_time) * 180.0);",
          "variable.hand_bob = query.life_time < 0.01 ? 0.0 : variable.hand_bob + ((query.is_on_ground && query.is_alive ? math.clamp(math.sqrt(math.pow(query.position_delta(0), 2.0) + math.pow(query.position_delta(2), 2.0)), 0.0, 0.1) : 0.0) - variable.hand_bob) * 0.02;",
          "variable.map_angle = math.clamp(1 - variable.player_x_rotation / 45.1, 0.0, 1.0);",
          "variable.item_use_normalized = query.main_hand_item_use_duration / query.main_hand_item_max_duration;",
          "variable.mc_ironshield = query.get_equipped_item_name('main_hand') == 'ironshield';",
          "variable.mc_reactorbm = query.get_equipped_item_name('main_hand') == 'reactorbm';",
          "variable.mc_megarepulsor = query.get_equipped_item_name('main_hand') == 'megarepulsor';",
          "variable.mc_rocketblast = query.get_equipped_item_name('main_hand') == 'rocketblast';",
          "variable.mc_laserz = query.get_equipped_item_name('main_hand') == 'laserz';",
          "variable.mc_repulsors = query.get_equipped_item_name('main_hand') == 'repulsors';",
          "variable.mc_megarepulsorspr = query.get_equipped_item_name('main_hand') == 'megarepulsorspr';",
          "variable.mc_suitcase = query.get_equipped_item_name('main_hand') == 'suitcase';",
          "variable.mc_repulsorsuperior = query.get_equipped_item_name('main_hand') == 'repulsorsuperior';",
          "variable.mc_blastgun = query.get_equipped_item_name('main_hand') == 'blastgun';",
          "variable.mc_jarvis = query.get_equipped_item_name('main_hand') == 'jarvis';",
          "variable.hulkbuster = query.mark_variant == 2;",
          "variable.mark2 = query.mark_variant == 3;",
          "variable.mark8 = query.mark_variant == 4;",
          "variable.mark5 = query.mark_variant == 5;",
          "variable.mark31 = query.mark_variant == 6;",
          "variable.superior = query.mark_variant == 7;",
          "variable.warmachine = query.mark_variant == 8;",
          "variable.mark10 = query.mark_variant == 9;",
          "variable.warmachine2 = query.mark_variant == 10;",
          "variable.mark9 = query.mark_variant == 11;",
          "variable.prototype = query.mark_variant == 12;"
        ],
        "animate": [
          "root",
          {
            "hold.first_person": "variable.mc_ironshield && variable.is_first_person"
          },
          {
            "hold.third_person": "variable.mc_ironshield && variable.is_third_person"
          },
          {
            "hold.first_person": "variable.mc_reactorbm && variable.is_first_person"
          },
          {
            "hold.third_person": "variable.mc_reactorbm && variable.is_third_person"
          },
          {
            "hold.first_person": "variable.mc_megarepulsor && variable.is_first_person"
          },
          {
            "hold.third_person": "variable.mc_megarepulsor && variable.is_third_person"
          },
          {
            "hold.first_person": "variable.mc_rocketblast && variable.is_first_person"
          },
          {
            "hold.third_person": "variable.mc_rocketblast && variable.is_third_person"
          },
          {
            "hold.first_person": "variable.mc_laserz && variable.is_first_person"
          },
          {
            "hold.third_person": "variable.mc_laserz && variable.is_third_person"
          },
          {
            "hold.first_person": "variable.mc_repulsors && variable.is_first_person"
          },
          {
            "hold.third_person": "variable.mc_repulsors && variable.is_third_person"
          },
          {
            "hold.first_person": "variable.mc_megarepulsorspr && variable.is_first_person"
          },
          {
            "hold.third_person": "variable.mc_megarepulsorspr && variable.is_third_person"
          },
          {
            "hold.first_person": "variable.mc_suitcase && variable.is_first_person"
          },
          {
            "hold.third_person": "variable.mc_suitcase && variable.is_third_person"
          },
          {
            "hold.first_person": "variable.mc_repulsorsuperior && variable.is_first_person"
          },
          {
            "hold.third_person": "variable.mc_repulsorsuperior && variable.is_third_person"
          },
          {
            "hold.first_person": "variable.mc_blastgun && variable.is_first_person"
          },
          {
            "hold.third_person": "variable.mc_blastgun && variable.is_third_person"
          },
          {
            "hold.first_person": "variable.mc_jarvis && variable.is_first_person"
          },
          {
            "hold.third_person": "variable.mc_jarvis && variable.is_third_person"
          },
          {
            "lasfp": "variable.mc_laserz && query.is_using_item && variable.is_first_person"
          },
          {
            "las": "variable.mc_laserz && query.is_using_item && variable.is_third_person"
          },
          {
            "misfp": "variable.mc_rocketblast && query.is_using_item && variable.is_first_person"
          },
          {
            "mis": "variable.mc_rocketblast && query.is_using_item && variable.is_third_person"
          },
          {
            "otgich": "variable.superior && variable.mc_repulsorsuperior && query.is_using_item"
          },
          {
            "splaser": "variable.superior && variable.mc_laserz && query.is_using_item"
          },
          {
            "spong": "variable.superior && query.is_sneaking && variable.is_first_person"
          },
          {
            "spsneak": "variable.superior && !variable.mc_ironshield && query.is_on_ground && query.is_sneaking && variable.is_third_person"
          },
          {
            "moffc": "!query.is_baby"
          },
          {
            "repsh": "variable.mc_repulsors || variable.mc_blastgun && query.is_using_item"
          },
          {
            "megash": "query.get_equipped_item_name('main_hand') == 'megarepulsor' || variable.mc_megarepulsorspr && query.is_using_item"
          },
          {
            "reac": "variable.mc_reactorbm && query.is_using_item"
          },
          {
            "qoffc": "variable.mc_ironshield"
          },
          {
            "qalqon": "variable.mc_ironshield && query.is_sneaking && variable.is_third_person"
          },
          {
            "qalqonf": "variable.mc_ironshield && query.is_sneaking && variable.is_first_person"
          },
          {
            "hstan": "variable.hulkbuster && !query.is_moving && !query.is_sneaking && !query.is_on_ground && variable.is_third_person"
          },
          {
            "hfly": "variable.hulkbuster && query.is_sprinting && !query.is_on_ground && variable.is_third_person"
          },
          {
            "honair": "variable.hulkbuster && !query.is_on_ground && variable.is_third_person"
          },
          {
            "hwal": "variable.hulkbuster && query.is_moving && query.is_on_ground && variable.is_third_person"
          },
          {
            "fpers": "variable.hulkbuster && variable.is_first_person"
          },
          {
            "hclas": "variable.hulkbuster && query.is_sneaking && variable.is_third_person"
          },
          {
            "hrep": "variable.mc_repulsors && query.is_using_item && variable.is_third_person"
          },
          {
            "hrep2": "variable.hulkbuster && variable.mc_reactorbm && query.is_using_item && variable.is_third_person"
          },
          {
            "dh": "variable.hulkbuster && variable.is_third_person"
          },
          {
            "hpiston": "variable.mc_jarvis && query.is_sneaking"
          },
          {
            "chap": "variable.mc_rocketblast || variable.mc_repulsors || variable.mc_blastgun && variable.is_third_person"
          },
          {
            "ong": "variable.mc_laserz || variable.mc_rocketblast || variable.mc_repulsors || variable.mc_blastgun || variable.mc_repulsorsuperior && variable.is_third_person"
          },
          {
            "biyta": "variable.mc_repulsorsuperior && query.is_using_item"
          },
          {
            "uchishc": "variable.superior || variable.mark31 || variable.warmachine || variable.warmachine2 || variable.mark2 || variable.mark5 || variable.mark8 || variable.mark9 || variable.mark10 || variable.hulkbuster && variable.is_third_person"
          },
          {
            "olovli": "variable.superior || variable.warmachine || variable.warmachine2 || variable.mark2 || variable.mark5 || variable.mark8 || variable.mark9 || variable.mark10 || variable.mark31 && query.is_levitating"
          },
          {
            "unmc": "variable.mark9"
          },
          {
            "unmac": "variable.mark2 || variable.mark5 || variable.mark8 || variable.mark10 || variable.warmachine || variable.mark31 || variable.warmachine2"
          },
          {
            "unmas": "variable.superior && query.scoreboard('hud') == 40"
          },
          {
            "fir": "variable.superior || variable.warmachine || variable.warmachine2 || variable.mark2 || variable.mark5 || variable.mark8 || variable.mark9 || variable.mark10 || variable.mark31 && !variable.mc_laserz && query.is_using_item && variable.is_first_person"
          },
          {
            "hm": "variable.mc_megarepulsorspr || variable.mc_repulsorsuperior && variable.is_third_person"
          }
        ]
      },
      "animations": {
        "root": "controller.animation.player.root",
        "base_controller": "controller.animation.player.base",
        "hudplayer": "controller.animation.player.hudplayer",
        "humanoid_base_pose": "animation.humanoid.base_pose",
        "look_at_target": "controller.animation.humanoid.look_at_target",
        "look_at_target_ui": "animation.player.look_at_target.ui",
        "look_at_target_default": "animation.humanoid.look_at_target.default",
        "look_at_target_gliding": "animation.humanoid.look_at_target.gliding",
        "look_at_target_swimming": "animation.humanoid.look_at_target.swimming",
        "look_at_target_inverted": "animation.player.look_at_target.inverted",
        "cape": "animation.player.cape",
        "move.arms": "animation.player.move.arms",
        "move.legs": "animation.player.move.legs",
        "swimming": "animation.player.swim",
        "swimming.legs": "animation.player.swim.legs",
        "riding.arms": "animation.player.riding.arms",
        "riding.legs": "animation.player.riding.legs",
        "holding": "animation.player.holding",
        "brandish_spear": "animation.humanoid.brandish_spear",
        "charging": "animation.humanoid.charging",
        "attack.positions": "animation.player.attack.positions",
        "attack.rotations": "animation.player.attack.rotations",
        "sneaking": "animation.player.bob",
        "bob": "animation.player.bob",
        "damage_nearby_mobs": "animation.humanoid.damage_nearby_mobs",
        "bow_and_arrow": "animation.humanoid.bow_and_arrow",
        "fishing_rod": "animation.humanoid.fishing_rod",
        "use_item_progress": "animation.humanoid.use_item_progress",
        "skeleton_attack": "animation.skeleton.attack",
        "sleeping": "animation.player.sleeping",
        "first_person_base_pose": "animation.player.first_person.base_pose",
        "first_person_empty_hand": "animation.player.first_person.empty_hand",
        "first_person_swap_item": "animation.player.first_person.swap_item",
        "first_person_attack_controller": "controller.animation.player.first_person_attack",
        "first_person_attack_rotation": "animation.player.first_person.attack_rotation",
        "first_person_vr_attack_rotation": "animation.player.first_person.vr_attack_rotation",
        "first_person_walk": "animation.player.first_person.walk",
        "first_person_map_controller": "controller.animation.player.first_person_map",
        "first_person_map_hold": "animation.player.first_person.map_hold",
        "first_person_map_hold_attack": "animation.player.first_person.map_hold_attack",
        "first_person_map_hold_off_hand": "animation.player.first_person.map_hold_off_hand",
        "first_person_map_hold_main_hand": "animation.player.first_person.map_hold_main_hand",
        "first_person_crossbow_equipped": "animation.player.first_person.crossbow_equipped",
        "third_person_crossbow_equipped": "animation.player.crossbow_equipped",
        "third_person_bow_equipped": "animation.player.bow_equipped",
        "crossbow_hold": "animation.player.crossbow_hold",
        "crossbow_controller": "controller.animation.player.crossbow",
        "shield_block_main_hand": "animation.player.shield_block_main_hand",
        "shield_block_off_hand": "animation.player.shield_block_off_hand",
        "blink": "controller.animation.persona.blink",
        "hold.first_person": "animation.first_person.hold",
        "hold.third_person": "animation.hold",
        "lasfp": "animation.laser.shotfp",
        "las": "animation.laser.shot",
        "misfp": "animation.ironman.missilefp",
        "mis": "animation.ironman.missile",
        "otgich": "animation.shoot.it",
        "splaser": "animation.spim.laser",
        "spong": "animation.spim.ong",
        "spsneak": "animation.spim.sneak",
        "reac": "animation.reactoor.shoot",
        "repsh": "animation.repulsorlar.shoot",
        "megash": "animation.mega.shoot",
        "moff": "animation.mega.off",
        "moffc": "controller.animation.moffc",
        "qoff": "animation.qalqon.off",
        "qalqon": "animation.qalqon",
        "qalqonf": "animation.qalqon.fp",
        "qoffc": "controller.animation.qoffc",
        "hstan": "animation.hulkbuster.stand",
        "hpiston": "animation.hulkbuster.pistonattack",
        "hfly": "animation.hulkbuster.fly",
        "honair": "animation.hulkbuster.onayr",
        "hwal": "animation.Hulkbuster.walk",
        "fpers": "animation.hulkbuster.fperson",
        "hclas": "animation.hulkbuster.classtank",
        "hrep2": "animation.hulkbuster.rep2",
        "hrep": "animation.hulkbuster.rep",
        "dh": "animation.deah.heasd",
        "chap": "animation.deah.hea",
        "ong": "animation.deah.head",
        "mark5": "animation.mk5.off",
        "mark5c": "controller.animation.mark5c",
        "biyta": "animation.repulsorlar.shoott",
        "uchish": "animation.ironmen.flly",
        "uchishc": "controller.animation.uchishc",
        "olovli": "animation.olovli.uchmoq",
        "unm": "animation.yangi.unmask",
        "unma": "animation.ironmen.niqoob",
        "unmac": "controller.animation.unmac",
        "unmc": "controller.animation.unmc",
        "unmas": "animation.spim.mask",
        "fir": "animation.gun.fip",
        "hm": "animation.hm"
      },
      "render_controllers": [
        {
          "controller.render.player.first_person": "variable.is_first_person"
        },
        {
          "controller.render.player.third_person": "!variable.is_first_person && !variable.map_face_icon"
        },
        {
          "controller.render.player.map": "variable.map_face_icon"
        },
        {
          "controller.render.mc_ironshield": "variable.mc_ironshield"
        },
        {
          "controller.render.mc_reactorbm": "!variable.hulkbuster && variable.mc_reactorbm"
        },
        {
          "controller.render.mc_megarepulsor": "variable.mc_megarepulsor"
        },
        {
          "controller.render.mc_rocketblast": "variable.mc_rocketblast"
        },
        {
          "controller.render.mc_laserz": "variable.mc_laserz"
        },
        {
          "controller.render.mc_repulsors": "!variable.hulkbuster && variable.mc_repulsors || variable.mc_blastgun || variable.mc_repulsorsuperior"
        },
        {
          "controller.render.mc_megarepulsorspr": "variable.mc_megarepulsorspr"
        },
        {
          "controller.render.mc_suitcase": "variable.mc_suitcase"
        },
        {
          "controller.render.mc_repulsorsuperior": "variable.mc_repulsorsuperior"
        },
        {
          "controller.render.mc_blastgun": "variable.mc_blastgun"
        },
        {
          "controller.render.mc_jarvis": "variable.mc_jarvis"
        },
        {
          "controller.render.mark2": "variable.is_third_person && variable.mark2"
        },
        {
          "controller.render.mark5": "variable.is_third_person && variable.mark5"
        },
        {
          "controller.render.mark8": "variable.is_third_person && variable.mark8"
        },
        {
          "controller.render.mark9": "variable.is_third_person && variable.mark9"
        },
        {
          "controller.render.mark10": "variable.is_third_person && variable.mark10"
        },
        {
          "controller.render.mark31": "variable.is_third_person && variable.mark31"
        },
        {
          "controller.render.superior": "variable.is_third_person && variable.superior"
        },
        {
          "controller.render.hulkbuster": "variable.is_third_person && variable.hulkbuster"
        },
        {
          "controller.render.warmachine": "variable.is_third_person && variable.warmachine"
        },
        {
          "controller.render.warmachine2": "variable.is_third_person && variable.warmachine2"
        },
        {
          "controller.render.prototype": "variable.is_third_person && variable.prototype"
        },
        {
          "controller.render.w1": "variable.is_first_person && query.scoreboard('hud') == 12"
        },
        {
          "controller.render.w2": "variable.is_first_person && query.scoreboard('hud') == 13"
        },
        {
          "controller.render.w3": "variable.is_first_person && query.scoreboard('hud') == 14"
        },
        {
          "controller.render.w4": "variable.is_first_person && query.scoreboard('hud') == 15"
        },
        {
          "controller.render.w5": "variable.is_first_person && query.scoreboard('hud') == 16"
        },
        {
          "controller.render.w6": "variable.is_first_person && query.scoreboard('hud') == 17"
        },
        {
          "controller.render.bir": "variable.is_first_person && query.scoreboard('hud') == 1"
        },
        {
          "controller.render.ikki": "variable.is_first_person && query.scoreboard('hud') == 2"
        },
        {
          "controller.render.uch": "variable.is_first_person && query.scoreboard('hud') == 3"
        },
        {
          "controller.render.tort": "variable.is_first_person && query.scoreboard('hud') == 4"
        },
        {
          "controller.render.besh": "variable.is_first_person && query.scoreboard('hud') == 5"
        },
        {
          "controller.render.olti": "variable.is_first_person && query.scoreboard('hud') == 6"
        },
        {
          "controller.render.yetti": "variable.is_first_person && query.scoreboard('hud') == 7"
        },
        {
          "controller.render.sakkiz": "variable.is_first_person && query.scoreboard('hud') == 8"
        },
        {
          "controller.render.toqqiz": "variable.is_first_person && query.scoreboard('hud') == 9"
        },
        {
          "controller.render.on": "variable.is_first_person && query.scoreboard('hud') == 10"
        },
        {
          "controller.render.rlayer": "variable.mc_repulsors || variable.mc_blastgun || variable.mc_reactorbm && !variable.superior"
        },
        {
          "controller.render.blayer": "variable.mc_blastgun || variable.mc_reactorbm || variable.mc_repulsorsuperior && variable.superior"
        },
        {
          "controller.render.olov": "query.is_levitating || query.is_riding && variable.superior || variable.mark2 || variable.mark31"
        },
        {
          "controller.render.olovoyoq": "query.is_levitating || query.is_riding && variable.mark5 || variable.mark8 || variable.mark9 || variable.mark10"
        },
        {
          "controller.render.qizil": "query.is_levitating || query.is_riding && variable.warmachine || variable.warmachine2"
        },
        {
          "controller.render.player.mark2": "variable.is_first_person && variable.mark2"
        },
        {
          "controller.render.player.mark5": "variable.is_first_person && variable.mark5"
        },
        {
          "controller.render.player.mark8": "variable.is_first_person && variable.mark8"
        },
        {
          "controller.render.player.mark9": "variable.is_first_person && variable.mark9"
        },
        {
          "controller.render.player.mark10": "variable.is_first_person && variable.mark10"
        },
        {
          "controller.render.player.mark31": "variable.is_first_person && variable.mark31"
        },
        {
          "controller.render.player.hulkbuster": "variable.is_first_person && variable.hulkbuster"
        },
        {
          "controller.render.player.warmachine": "variable.is_first_person && variable.warmachine"
        },
        {
          "controller.render.player.superior": "variable.is_first_person && variable.superior"
        },
        {
          "controller.render.player.warmachine2": "variable.is_first_person && variable.warmachine2"
        },
        {
          "controller.render.im": "variable.is_first_person && variable.mark5 || variable.mark8 || variable.mark10 || variable.mark31"
        },
        {
          "controller.render.im2": "variable.is_first_person && variable.mark2 || variable.mark9 || variable.hulkbuster"
        },
        {
          "controller.render.war": "variable.is_first_person && variable.warmachine2"
        },
        {
          "controller.render.war2": "variable.is_first_person && variable.warmachine"
        },
        {
          "controller.render.sup": "variable.is_first_person && variable.superior"
        }
      ],
      "enable_attachables": true
    }
  }
}