{
	"format_version" : "1.10.0",
	"animation_controllers" : {
		"controller.animation.mark5c" : {
			"initial_state" : "default",
			"states" : {
				"mark5" : {
					"animations" : [ "mark5" ],
					"transitions" : [
						{
							"default" : "query.scoreboard('mark') >= 5"
						}
					],
                    "blend_transition": 1.1
				},
				"default" : {
					"transitions" : [
						{
							"mark5" : "query.scoreboard('mark') <= 4"
						}
					],
                    "blend_transition": 1.1
				}
			}
		}
	}
}
