{
	"format_version" : "1.10.0",
	"animation_controllers" : {
		"controller.animation.moffc" : {
			"initial_state" : "default",
			"states" : {
				"moff" : {
					"animations" : [ "moff" ],
					"transitions" : [
						{
							"default" : "query.get_equipped_item_name('main_hand') == 'megarepulsor' || query.get_equipped_item_name('main_hand') == 'megarepulsorspr'"
						}
					],
                    "blend_transition": 0.5
				},
				"default" : {
					"transitions" : [
						{
							"moff" : "query.get_equipped_item_name('main_hand') != 'megarepulsor' && query.get_equipped_item_name('main_hand') != 'megarepulsorspr'"
						}
					],
                    "blend_transition": 0.5
				}
			}
		}
	}
}
