{
	"format_version" : "1.10.0",
	"animation_controllers" : {
		"controller.animation.qoffc" : {
			"initial_state" : "qalqon",
			"states" : {
				"qoff" : {
					"animations" : [ "qoff" ],
					"transitions" : [
						{
							"qalqon" : "query.is_sneaking"
						}
					],
                    "blend_transition": 0.5
				},
				"qalqon" : {
					"transitions" : [
						{
							"qoff" : "!query.is_sneaking"
						}
					],
                    "blend_transition": 0.4
				}
			}
		}
	}
}
