{
	"format_version" : "1.10.0",
	"animation_controllers" : {
		"controller.animation.uchishc" : {
			"initial_state" : "default",
			"states" : {
				"uchish" : {
					"animations" : [ "uchish" ],
					"transitions" : [
						{
							"default" : "!query.is_riding"
						}
					],
                    "blend_transition": 0.4
				},
				"default" : {
					"transitions" : [
						{
							"uchish" : "query.is_riding"
						}
					],
                    "blend_transition": 0.3
				}
			}
		}
	}
}
