{
	"format_version" : "1.10.0",
	"animation_controllers" : {
		"controller.animation.unmc" : {
			"initial_state" : "default",
			"states" : {
				"unm" : {
					"animations" : [ "unm" ],
					"transitions" : [
						{
							"default" : "query.scoreboard('hud') <= 39"
						}
					],
                    "blend_transition": 0.5
				},
				"default" : {
					"transitions" : [
						{
							"unm" : "query.scoreboard('hud') == 40"
						}
					],
                    "blend_transition": 0.5
				}
			}
		}
	}
}
