{
	"format_version": "1.12.0",
	"minecraft:geometry": [
		{
			"description": {
				"identifier": "geometry.hadd",
				"texture_width": 1920,
				"texture_height": 1080,
				"visible_bounds_width": 3,
				"visible_bounds_height": 5.5,
				"visible_bounds_offset": [0, 2.25, 0]
			},
			"bones": [
				{
					"name": "root",
					"pivot": [0, 1, 0]
				},
				{
					"name": "waist",
					"parent": "root",
					"pivot": [0, 25, 0]
				},
				{
					"name": "Body",
					"parent": "waist",
					"pivot": [0, 49, 0]
				},
				{
					"name": "Had",
					"parent": "waist",
					"pivot": [0, 0, 0],
					"cubes": [
						{
							"origin": [-8, 31.5, 5],
							"size": [16, 3, 0],
							"uv": {
								"north": {"uv": [87, 56], "uv_size": [21, 0]},
								"east": {"uv": [158, 616], "uv_size": [0, 135]},
								"south": {"uv": [334, 310], "uv_size": [240, 135]},
								"west": {"uv": [255, 652], "uv_size": [0, 135]},
								"up": {"uv": [418, 738], "uv_size": [-240, 0]},
								"down": {"uv": [444, 754], "uv_size": [-240, 0]}
							}
						},
						{
							"origin": [-6, 21.5, 3],
							"size": [12, 13, 0],
							"pivot": [-6, 27.5, 5],
							"rotation": [-180, 87.5, 180],
							"uv": {
								"north": {"uv": [93, 74], "uv_size": [59, 0]},
								"east": {"uv": [158, 616], "uv_size": [0, 135]},
								"south": {"uv": [56, 50], "uv_size": [29, 41]},
								"west": {"uv": [255, 652], "uv_size": [0, 135]},
								"up": {"uv": [418, 738], "uv_size": [-240, 0]},
								"down": {"uv": [444, 754], "uv_size": [-240, 0]}
							}
						},
						{
							"origin": [-6, 21.5, 3],
							"size": [12, 13, 0],
							"pivot": [6, 27.5, 5],
							"rotation": [-180, -87.5, -180],
							"uv": {
								"north": {"uv": [467, 396], "uv_size": [-83, 0]},
								"east": {"uv": [255, 652], "uv_size": [0, 135]},
								"south": {"uv": [85, 43], "uv_size": [-17, 48]},
								"west": {"uv": [158, 616], "uv_size": [0, 135]},
								"up": {"uv": [178, 738], "uv_size": [240, 0]},
								"down": {"uv": [204, 754], "uv_size": [240, 0]}
							}
						},
						{
							"origin": [-8, 21.5, 5],
							"size": [16, 2, 0],
							"uv": {
								"north": {"uv": [56, 25], "uv_size": [58, 85]},
								"east": {"uv": [158, 616], "uv_size": [0, 135]},
								"south": {"uv": [836, 186], "uv_size": [240, 135]},
								"west": {"uv": [255, 652], "uv_size": [0, 135]},
								"up": {"uv": [418, 738], "uv_size": [-240, 0]},
								"down": {"uv": [444, 754], "uv_size": [-240, 0]}
							}
						},
						{
							"origin": [-8, 23.5, 5],
							"size": [16, 8, 0],
							"uv": {
								"north": {"uv": [0, 0], "uv_size": [1920, 1080]},
								"east": {"uv": [0, 0], "uv_size": [0, 8]},
								"south": {"uv": [669, 161], "uv_size": [16, 8]},
								"west": {"uv": [0, 0], "uv_size": [0, 8]},
								"up": {"uv": [16, 0], "uv_size": [-16, 0]},
								"down": {"uv": [16, 0], "uv_size": [-16, 0]}
							}
						}
					]
				}
			]
		}
	]
}