{
	"format_version": "1.12.0",
	"minecraft:geometry": [
		{
			"description": {
				"identifier": "geometry.mc_hulkbuster",
				"texture_width": 288,
				"texture_height": 288,
				"visible_bounds_width": 4,
				"visible_bounds_height": 6,
				"visible_bounds_offset": [0, 2, 0]
			},
			"bones": [
				{
					"name": "root",
					"pivot": [0, 0, 0]
				},
				{
					"name": "leg1",
					"parent": "root",
					"pivot": [6, 21, 0],
					"mirror": true,
					"cubes": [
						{"origin": [1, 10, -6], "size": [9, 16, 10], "uv": [70, 24], "mirror": false}
					]
				},
				{
					"name": "bone2",
					"parent": "leg1",
					"pivot": [5.5, 10, -1.5],
					"cubes": [
						{"origin": [2, 0, -10], "size": [7, 3, 3], "uv": [40, 40]},
						{"origin": [2, 0, -6.9], "size": [7, 16, 11], "uv": [29, 77]}
					]
				},
				{
					"name": "leg0",
					"parent": "root",
					"pivot": [-6, 21, -1],
					"cubes": [
						{"origin": [-10, 10, -6], "size": [9, 16, 10], "uv": [72, 67]}
					]
				},
				{
					"name": "knee",
					"parent": "leg0",
					"pivot": [-5.5, 10, -1.5],
					"cubes": [
						{"origin": [-9, 0, -10], "size": [7, 3, 3], "uv": [40, 34]},
						{"origin": [-9, 0, -6.9], "size": [7, 16, 11], "uv": [0, 93]}
					]
				},
				{
					"name": "body",
					"parent": "root",
					"pivot": [0, 33, 0],
					"cubes": [
						{"origin": [-10, 34, -10], "size": [20, 14, 20], "pivot": [0, 38, 0], "rotation": [45, 0, 0], "uv": [0, 0]},
						{"origin": [-7, 23, -7], "size": [14, 15, 12], "inflate": 0.5, "uv": [0, 34]}
					]
				},
				{
					"name": "heat",
					"parent": "body",
					"pivot": [0, 40, -4],
					"cubes": [
						{"origin": [-2, 38, -10], "size": [4, 4, 6], "uv": [0, 0]}
					]
				},
				{
					"name": "deah",
					"parent": "body",
					"pivot": [0, 45, -2],
					"cubes": [
						{"origin": [-5, 43.98478, -7.34862], "size": [10, 10, 10], "pivot": [0, 46, -2], "rotation": [-5, 0, 0], "uv": [60, 0]}
					]
				},
				{
					"name": "arm0",
					"parent": "body",
					"pivot": [-10, 42, -2],
					"cubes": [
						{"origin": [-19, 34, -7], "size": [10, 16, 10], "uv": [0, 61]}
					]
				},
				{
					"name": "hand",
					"parent": "arm0",
					"pivot": [-14, 34, -2],
					"cubes": [
						{"origin": [-18, 20, -6], "size": [8, 18, 8], "uv": [97, 93]},
						{"origin": [-18, 22, -5], "size": [4, 11, 6], "pivot": [-18, 22, -2], "rotation": [0, 0, -10], "uv": [82, 50]}
					]
				},
				{
					"name": "repulsor",
					"parent": "hand",
					"pivot": [-14, 24, -2],
					"cubes": [
						{"origin": [-14.86947, 20, -3.00856], "size": [2, 4, 3], "uv": [146, 0]}
					]
				},
				{
					"name": "bone4",
					"parent": "hand",
					"pivot": [-12.5, 21.5, -6],
					"cubes": [
						{"origin": [-14, 18, -7], "size": [3, 5, 2], "uv": [60, 0]}
					]
				},
				{
					"name": "bone",
					"parent": "hand",
					"pivot": [-18, 20, -2],
					"cubes": [
						{"origin": [-18, 16, -2], "size": [3, 4, 2], "uv": [54, 77]},
						{"origin": [-18, 16, 0], "size": [3, 4, 2], "uv": [62, 81]},
						{"origin": [-18, 16, -4], "size": [3, 4, 2], "uv": [0, 87]},
						{"origin": [-18, 15, -6], "size": [3, 5, 2], "uv": [60, 34]}
					]
				},
				{
					"name": "arm1",
					"parent": "body",
					"pivot": [10, 41, -2],
					"cubes": [
						{"origin": [9, 34, -7], "size": [10, 16, 10], "uv": [42, 51]}
					]
				},
				{
					"name": "hand1",
					"parent": "arm1",
					"pivot": [14, 34, -2],
					"cubes": [
						{"origin": [14, 22, -5], "size": [4, 11, 6], "pivot": [18, 22, -2], "rotation": [0, 0, 10], "uv": [0, 0]},
						{"origin": [10, 20, -6], "size": [8, 18, 8], "uv": [65, 93]}
					],
					"locators": {
						"fire": [14, 20, -2]
					}
				},
				{
					"name": "bone5",
					"parent": "hand1",
					"pivot": [12.5, 21.5, -6],
					"cubes": [
						{"origin": [11, 18, -7], "size": [3, 5, 2], "uv": [0, 34]}
					]
				},
				{
					"name": "bone3",
					"parent": "hand1",
					"pivot": [18, 20, -2],
					"cubes": [
						{"origin": [15, 16, -4], "size": [3, 4, 2], "uv": [72, 50]},
						{"origin": [15, 16, 0], "size": [3, 4, 2], "uv": [30, 61]},
						{"origin": [15, 16, -2], "size": [3, 4, 2], "uv": [0, 61]},
						{"origin": [15, 15, -6], "size": [3, 5, 2], "uv": [58, 44]}
					]
				}
			]
		}
	]
}