{
	"format_version": "1.12.0",
	"minecraft:geometry": [
		{
			"description": {
				"identifier": "geometry.mc_ironshield",
				"texture_width": 64,
				"texture_height": 64,
				"visible_bounds_width": 3,
				"visible_bounds_height": 3.5,
				"visible_bounds_offset": [0, 1.25, 0]
			},
			"bones": [
				{
					"name": "root",
					"pivot": [0, 0, 0]
				},
				{
					"name": "waist",
					"parent": "root",
					"pivot": [0, 0, 0]
				},
				{
					"name": "Body",
					"parent": "waist",
					"pivot": [0, 24, 0]
				},
				{
					"name": "LeftArm",
					"parent": "Body",
					"pivot": [5, 22, 0]
				},
				{
					"name": "qalqon",
					"parent": "LeftArm",
					"pivot": [10, 17, 0],
					"cubes": [
						{"origin": [10, 9, -5], "size": [0, 17, 10], "uv": [0, 0]},
						{"origin": [11.5, 9, -7], "size": [0, 17, 3], "pivot": [10, 17, 0], "rotation": [0, 22.5, 0], "uv": [26, 16]},
						{"origin": [11.5, 9, 4.5], "size": [0, 17, 3], "pivot": [10, 17, 0], "rotation": [0, -17.5, 0], "uv": [20, 16]}
					]
				},
				{
					"name": "qalqon2",
					"parent": "qalqon",
					"pivot": [10, 26, 0],
					"rotation": [0, 0, -12.5],
					"cubes": [
						{"origin": [10, 26, -5], "size": [0, 9, 10], "uv": [20, 0]}
					]
				},
				{
					"name": "qalqon3",
					"parent": "qalqon",
					"pivot": [10, 9, 0],
					"rotation": [0, 0, 12.5],
					"cubes": [
						{"origin": [10, 0, -5], "size": [0, 9, 10], "uv": [0, 17]}
					]
				}
			]
		}
	]
}