{
	"format_version": "1.12.0",
	"minecraft:geometry": [
		{
			"description": {
				"identifier": "geometry.mc_suitcase",
				"texture_width": 64,
				"texture_height": 64,
				"visible_bounds_width": 3,
				"visible_bounds_height": 3.5,
				"visible_bounds_offset": [0, 1.25, 0]
			},
			"bones": [
				{
					"name": "root",
					"pivot": [0, 0, 0]
				},
				{
					"name": "waist",
					"parent": "root",
					"pivot": [0, 0, 0]
				},
				{
					"name": "Body",
					"parent": "waist",
					"pivot": [0, 24, 0]
				},
				{
					"name": "RightArm",
					"parent": "Body",
					"pivot": [-5, 22, 0]
				},
				{
					"name": "mk5case",
					"parent": "RightArm",
					"pivot": [-6, 13, 0],
					"cubes": [
						{
							"origin": [-7, 13, -4],
							"size": [2, 1, 8],
							"uv": {
								"north": {"uv": [38, 8], "uv_size": [2, 1]},
								"east": {"uv": [36, 28], "uv_size": [8, 1]},
								"south": {"uv": [38, 9], "uv_size": [2, 1]},
								"west": {"uv": [36, 29], "uv_size": [8, 1]},
								"up": {"uv": [8, 34], "uv_size": [2, 8]},
								"down": {"uv": [36, 12], "uv_size": [2, -8]}
							}
						},
						{
							"origin": [-7, 11, 3],
							"size": [2, 2, 1],
							"uv": {
								"north": {"uv": [36, 34], "uv_size": [2, 2]},
								"east": {"uv": [38, 10], "uv_size": [1, 2]},
								"south": {"uv": [36, 36], "uv_size": [2, 2]},
								"west": {"uv": [12, 38], "uv_size": [1, 2]},
								"up": {"uv": [13, 38], "uv_size": [2, 1]},
								"down": {"uv": [15, 39], "uv_size": [2, -1]}
							}
						},
						{
							"origin": [-7, 11, -4],
							"size": [2, 2, 1],
							"uv": {
								"north": {"uv": [38, 0], "uv_size": [2, 2]},
								"east": {"uv": [17, 38], "uv_size": [1, 2]},
								"south": {"uv": [38, 2], "uv_size": [2, 2]},
								"west": {"uv": [18, 38], "uv_size": [1, 2]},
								"up": {"uv": [19, 38], "uv_size": [2, 1]},
								"down": {"uv": [21, 39], "uv_size": [2, -1]}
							}
						},
						{
							"origin": [-7.3, 11, -9],
							"size": [2.6, 1, 18],
							"uv": {
								"north": {"uv": [38, 4], "uv_size": [3, 1]},
								"east": {"uv": [33, 30], "uv_size": [18, 1]},
								"south": {"uv": [38, 5], "uv_size": [3, 1]},
								"west": {"uv": [33, 31], "uv_size": [18, 1]},
								"up": {"uv": [12, 20], "uv_size": [3, 18]},
								"down": {"uv": [15, 38], "uv_size": [3, -18]}
							}
						},
						{
							"origin": [-7.3, 0, -9],
							"size": [2.6, 1, 18],
							"uv": {
								"north": {"uv": [38, 6], "uv_size": [3, 1]},
								"east": {"uv": [33, 32], "uv_size": [18, 1]},
								"south": {"uv": [38, 7], "uv_size": [3, 1]},
								"west": {"uv": [33, 33], "uv_size": [18, 1]},
								"up": {"uv": [18, 20], "uv_size": [3, 18]},
								"down": {"uv": [21, 38], "uv_size": [3, -18]}
							}
						},
						{
							"origin": [-7.5, 1, -2],
							"size": [3, 10, 4],
							"uv": {
								"north": {"uv": [30, 4], "uv_size": [3, 10]},
								"east": {"uv": [24, 20], "uv_size": [4, 10]},
								"south": {"uv": [30, 14], "uv_size": [3, 10]},
								"west": {"uv": [26, 0], "uv_size": [4, 10]},
								"up": {"uv": [36, 12], "uv_size": [3, 4]},
								"down": {"uv": [36, 20], "uv_size": [3, -4]}
							}
						},
						{
							"origin": [-7.5, 1, -9],
							"size": [3, 10, 6],
							"uv": {
								"north": {"uv": [24, 30], "uv_size": [3, 10]},
								"east": {"uv": [0, 20], "uv_size": [6, 10]},
								"south": {"uv": [30, 24], "uv_size": [3, 10]},
								"west": {"uv": [20, 0], "uv_size": [6, 10]},
								"up": {"uv": [2, 34], "uv_size": [3, 6]},
								"down": {"uv": [5, 40], "uv_size": [3, -6]}
							}
						},
						{
							"origin": [-7.5, 1, 3],
							"size": [3, 10, 6],
							"uv": {
								"north": {"uv": [27, 30], "uv_size": [3, 10]},
								"east": {"uv": [6, 20], "uv_size": [6, 10]},
								"south": {"uv": [33, 4], "uv_size": [3, 10]},
								"west": {"uv": [20, 10], "uv_size": [6, 10]},
								"up": {"uv": [30, 34], "uv_size": [3, 6]},
								"down": {"uv": [33, 40], "uv_size": [3, -6]}
							}
						},
						{
							"origin": [-7.7, 1, -4],
							"size": [3.3, 4, 8],
							"uv": {
								"north": {"uv": [36, 20], "uv_size": [3, 4]},
								"east": {"uv": [30, 0], "uv_size": [8, 4]},
								"south": {"uv": [36, 24], "uv_size": [3, 4]},
								"west": {"uv": [2, 30], "uv_size": [8, 4]},
								"up": {"uv": [33, 14], "uv_size": [3, 8]},
								"down": {"uv": [33, 30], "uv_size": [3, -8]}
							}
						},
						{
							"origin": [-7, 1, -10],
							"size": [2, 10, 20],
							"uv": {
								"north": {"uv": [26, 10], "uv_size": [2, 10]},
								"east": {"uv": [0, 0], "uv_size": [20, 10]},
								"south": {"uv": [10, 30], "uv_size": [2, 10]},
								"west": {"uv": [0, 10], "uv_size": [20, 10]},
								"up": {"uv": [28, 10], "uv_size": [2, 20]},
								"down": {"uv": [0, 50], "uv_size": [2, -20]}
							}
						}
					]
				}
			]
		}
	]
}