{
	"format_version": "1.12.0",
	"minecraft:geometry": [
		{
			"description": {
				"identifier": "geometry.mc_workbench",
				"texture_width": 128,
				"texture_height": 128,
				"visible_bounds_width": 4,
				"visible_bounds_height": 3.5,
				"visible_bounds_offset": [0, 1.25, 0]
			},
			"bones": [
				{
					"name": "root",
					"pivot": [0, 0, 0],
					"cubes": [
						{
							"origin": [-17, 10, -10],
							"size": [42, 1, 19],
							"uv": {
								"north": {"uv": [42, 32], "uv_size": [42, 1]},
								"east": {"uv": [42, 36], "uv_size": [19, 1]},
								"south": {"uv": [42, 33], "uv_size": [42, 1]},
								"west": {"uv": [42, 37], "uv_size": [19, 1]},
								"up": {"uv": [0, 0], "uv_size": [42, 19]},
								"down": {"uv": [0, 38], "uv_size": [42, -19]}
							}
						},
						{
							"origin": [-12, 0, -10],
							"size": [1, 10, 19],
							"uv": {
								"north": {"uv": [2, 56], "uv_size": [1, 10]},
								"east": {"uv": [0, 38], "uv_size": [19, 10]},
								"south": {"uv": [3, 56], "uv_size": [1, 10]},
								"west": {"uv": [19, 38], "uv_size": [19, 10]},
								"up": {"uv": [51, 48], "uv_size": [1, 19]},
								"down": {"uv": [46, 71], "uv_size": [1, -19]}
							}
						},
						{
							"origin": [-3.8, 11, -8],
							"size": [15.8, 1, 9],
							"pivot": [8, 12.5, -3.5],
							"rotation": [15, 0, 0],
							"uv": {
								"north": {"uv": [57, 40], "uv_size": [8, 1]},
								"east": {"uv": [57, 30], "uv_size": [9, 1]},
								"south": {"uv": [57, 41], "uv_size": [8, 1]},
								"west": {"uv": [57, 31], "uv_size": [9, 1]},
								"up": {"uv": [42, 14], "uv_size": [8, 9]},
								"down": {"uv": [42, 32], "uv_size": [8, -9]}
							}
						},
						{
							"origin": [21, 0, -10],
							"size": [1, 10, 19],
							"uv": {
								"north": {"uv": [4, 56], "uv_size": [1, 10]},
								"east": {"uv": [38, 38], "uv_size": [19, 10]},
								"south": {"uv": [5, 56], "uv_size": [1, 10]},
								"west": {"uv": [42, 0], "uv_size": [19, 10]},
								"up": {"uv": [47, 52], "uv_size": [1, 19]},
								"down": {"uv": [48, 71], "uv_size": [1, -19]}
							}
						},
						{
							"origin": [-16, 11, 7],
							"size": [39, 2, 1],
							"uv": {
								"north": {"uv": [42, 10], "uv_size": [39, 2]},
								"east": {"uv": [10, 61], "uv_size": [1, 2]},
								"south": {"uv": [42, 12], "uv_size": [39, 2]},
								"west": {"uv": [64, 44], "uv_size": [1, 2]},
								"up": {"uv": [42, 34], "uv_size": [39, 1]},
								"down": {"uv": [42, 36], "uv_size": [39, -1]}
							}
						},
						{
							"origin": [-13.19486, 11, -5.53414],
							"size": [6, 3.4, 6],
							"pivot": [-10.19486, 14, -2.53414],
							"rotation": [0, -37.5, 0],
							"uv": {
								"north": {"uv": [0, 48], "uv_size": [6, 6]},
								"east": {"uv": [6, 48], "uv_size": [6, 6]},
								"south": {"uv": [12, 48], "uv_size": [6, 6]},
								"west": {"uv": [18, 48], "uv_size": [6, 6]},
								"up": {"uv": [24, 48], "uv_size": [6, 6]},
								"down": {"uv": [30, 54], "uv_size": [6, -6]}
							}
						},
						{
							"origin": [-8.19486, 10.6, -5.53414],
							"size": [3, 3.4, 6],
							"pivot": [-10.19486, 14, -2.53414],
							"rotation": [0, 22.5, 0],
							"uv": {
								"north": {"uv": [0, 48], "uv_size": [6, 6]},
								"east": {"uv": [6, 48], "uv_size": [6, 6]},
								"south": {"uv": [12, 48], "uv_size": [6, 6]},
								"west": {"uv": [18, 48], "uv_size": [6, 6]},
								"up": {"uv": [24, 48], "uv_size": [6, 6]},
								"down": {"uv": [30, 54], "uv_size": [6, -6]}
							}
						},
						{
							"origin": [-3.8, 11, 0],
							"size": [15.8, 2, 1],
							"uv": {
								"north": {"uv": [50, 26], "uv_size": [8, 2]},
								"east": {"uv": [25, 57], "uv_size": [1, 2]},
								"south": {"uv": [50, 28], "uv_size": [8, 2]},
								"west": {"uv": [21, 60], "uv_size": [1, 2]},
								"up": {"uv": [57, 38], "uv_size": [8, 1]},
								"down": {"uv": [57, 40], "uv_size": [8, -1]}
							}
						},
						{
							"origin": [-4, 15, 1],
							"size": [15, 11, 0.2],
							"uv": {
								"north": {"uv": [0, 79.7], "uv_size": [63.5, 48.3]},
								"east": {"uv": [0, 79.7], "uv_size": [63.5, 48.3]},
								"south": {"uv": [0, 128], "uv_size": [63.5, 0]},
								"west": {"uv": [0, 79.7], "uv_size": [63.5, 48.3]},
								"up": {"uv": [63.5, 128], "uv_size": [-63.5, -48.3]},
								"down": {"uv": [63.5, 128], "uv_size": [-63.5, -48.3]}
							}
						},
						{
							"origin": [-15, 15, 5],
							"size": [11, 11, 0.2],
							"pivot": [3.5, 20.5, 1.1],
							"rotation": [0, -27.5, 0],
							"uv": {
								"north": {"uv": [0, 79.7], "uv_size": [63.5, 48.3]},
								"east": {"uv": [0, 79.7], "uv_size": [63.5, 48.3]},
								"south": {"uv": [0, 128], "uv_size": [63.5, 0]},
								"west": {"uv": [0, 79.7], "uv_size": [63.5, 48.3]},
								"up": {"uv": [63.5, 128], "uv_size": [-63.5, -48.3]},
								"down": {"uv": [63.5, 128], "uv_size": [-63.5, -48.3]}
							}
						}
					]
				},
				{
					"name": "reaktr",
					"parent": "root",
					"pivot": [16, 11, 5],
					"rotation": [0, 7.5, 0],
					"cubes": [
						{
							"origin": [13.3, 11, 5],
							"size": [5.4, 7, 1],
							"uv": {
								"north": {"uv": [36, 48], "uv_size": [5, 7]},
								"east": {"uv": [26, 56], "uv_size": [1, 7]},
								"south": {"uv": [41, 48], "uv_size": [5, 7]},
								"west": {"uv": [27, 56], "uv_size": [1, 7]},
								"up": {"uv": [60, 55], "uv_size": [5, 1]},
								"down": {"uv": [61, 10], "uv_size": [5, -1]}
							}
						},
						{
							"origin": [14, 11, 2.9],
							"size": [0.7, 3.4, 1],
							"uv": {
								"north": {"uv": [20, 63], "uv_size": [1, 3]},
								"east": {"uv": [39, 64], "uv_size": [1, 3]},
								"south": {"uv": [40, 64], "uv_size": [1, 3]},
								"west": {"uv": [41, 64], "uv_size": [1, 3]},
								"up": {"uv": [33, 65], "uv_size": [1, 1]},
								"down": {"uv": [34, 66], "uv_size": [1, -1]}
							}
						},
						{
							"origin": [17, 11, 2.9],
							"size": [0.7, 3.4, 1],
							"uv": {
								"north": {"uv": [42, 64], "uv_size": [1, 3]},
								"east": {"uv": [43, 64], "uv_size": [1, 3]},
								"south": {"uv": [44, 64], "uv_size": [1, 3]},
								"west": {"uv": [45, 64], "uv_size": [1, 3]},
								"up": {"uv": [65, 36], "uv_size": [1, 1]},
								"down": {"uv": [65, 38], "uv_size": [1, -1]}
							}
						},
						{
							"origin": [13.4, 17.4, 2],
							"size": [5.2, 0.6, 4],
							"uv": {
								"north": {"uv": [61, 14], "uv_size": [5, 1]},
								"east": {"uv": [63, 8], "uv_size": [4, 1]},
								"south": {"uv": [61, 15], "uv_size": [5, 1]},
								"west": {"uv": [63, 29], "uv_size": [4, 1]},
								"up": {"uv": [46, 48], "uv_size": [5, 4]},
								"down": {"uv": [50, 18], "uv_size": [5, -4]}
							}
						}
					]
				},
				{
					"name": "reaktor",
					"parent": "reaktr",
					"pivot": [16, 15, 4],
					"rotation": [-90, -82.5, 90],
					"cubes": [
						{
							"origin": [15, 14.17157, 2],
							"size": [1, 1.65685, 1],
							"pivot": [17, 15, 4],
							"rotation": [-45, 0, 0],
							"uv": {
								"north": {"uv": [64, 48], "uv_size": [1, 2]},
								"east": {"uv": [49, 64], "uv_size": [1, 2]},
								"south": {"uv": [50, 64], "uv_size": [1, 2]},
								"west": {"uv": [64, 50], "uv_size": [1, 2]},
								"up": {"uv": [59, 49], "uv_size": [1, 1]},
								"down": {"uv": [25, 63], "uv_size": [1, -1]}
							}
						},
						{
							"origin": [15, 14.17157, 2],
							"size": [1, 1.65685, 1],
							"uv": {
								"north": {"uv": [64, 52], "uv_size": [1, 2]},
								"east": {"uv": [54, 64], "uv_size": [1, 2]},
								"south": {"uv": [55, 64], "uv_size": [1, 2]},
								"west": {"uv": [56, 64], "uv_size": [1, 2]},
								"up": {"uv": [62, 27], "uv_size": [1, 1]},
								"down": {"uv": [63, 23], "uv_size": [1, -1]}
							}
						},
						{
							"origin": [15, 14.17157, 5],
							"size": [1, 1.65685, 1],
							"pivot": [17, 15, 4],
							"rotation": [-45, 0, 0],
							"uv": {
								"north": {"uv": [64, 56], "uv_size": [1, 2]},
								"east": {"uv": [57, 64], "uv_size": [1, 2]},
								"south": {"uv": [58, 64], "uv_size": [1, 2]},
								"west": {"uv": [64, 58], "uv_size": [1, 2]},
								"up": {"uv": [35, 63], "uv_size": [1, 1]},
								"down": {"uv": [63, 49], "uv_size": [1, -1]}
							}
						},
						{
							"origin": [15, 14.17157, 5],
							"size": [1, 1.65685, 1],
							"uv": {
								"north": {"uv": [59, 64], "uv_size": [1, 2]},
								"east": {"uv": [64, 60], "uv_size": [1, 2]},
								"south": {"uv": [64, 62], "uv_size": [1, 2]},
								"west": {"uv": [64, 64], "uv_size": [1, 2]},
								"up": {"uv": [25, 65], "uv_size": [1, 1]},
								"down": {"uv": [26, 66], "uv_size": [1, -1]}
							}
						},
						{
							"origin": [15, 13, 3.17157],
							"size": [1, 1, 1.65685],
							"pivot": [17, 15, 4],
							"rotation": [-45, 0, 0],
							"uv": {
								"north": {"uv": [27, 65], "uv_size": [1, 1]},
								"east": {"uv": [57, 47], "uv_size": [2, 1]},
								"south": {"uv": [65, 27], "uv_size": [1, 1]},
								"west": {"uv": [58, 29], "uv_size": [2, 1]},
								"up": {"uv": [0, 65], "uv_size": [1, 2]},
								"down": {"uv": [65, 2], "uv_size": [1, -2]}
							}
						},
						{
							"origin": [15, 13, 3.17157],
							"size": [1, 1, 1.65685],
							"uv": {
								"north": {"uv": [28, 65], "uv_size": [1, 1]},
								"east": {"uv": [64, 26], "uv_size": [2, 1]},
								"south": {"uv": [65, 28], "uv_size": [1, 1]},
								"west": {"uv": [64, 54], "uv_size": [2, 1]},
								"up": {"uv": [1, 65], "uv_size": [1, 2]},
								"down": {"uv": [65, 4], "uv_size": [1, -2]}
							}
						},
						{
							"origin": [15, 16, 3.17157],
							"size": [1, 1, 1.65685],
							"pivot": [17, 15, 4],
							"rotation": [-45, 0, 0],
							"uv": {
								"north": {"uv": [29, 65], "uv_size": [1, 1]},
								"east": {"uv": [65, 4], "uv_size": [2, 1]},
								"south": {"uv": [30, 65], "uv_size": [1, 1]},
								"west": {"uv": [65, 5], "uv_size": [2, 1]},
								"up": {"uv": [6, 65], "uv_size": [1, 2]},
								"down": {"uv": [65, 8], "uv_size": [1, -2]}
							}
						},
						{
							"origin": [15, 16, 3.17157],
							"size": [1, 1, 1.65685],
							"uv": {
								"north": {"uv": [31, 65], "uv_size": [1, 1]},
								"east": {"uv": [10, 65], "uv_size": [2, 1]},
								"south": {"uv": [32, 65], "uv_size": [1, 1]},
								"west": {"uv": [12, 65], "uv_size": [2, 1]},
								"up": {"uv": [7, 65], "uv_size": [1, 2]},
								"down": {"uv": [14, 67], "uv_size": [1, -2]}
							}
						}
					]
				},
				{
					"name": "reaktor2",
					"parent": "reaktr",
					"pivot": [16, 15, 3.5],
					"rotation": [-90, -82.5, 90],
					"cubes": [
						{
							"origin": [16, 14.17157, 1.5],
							"size": [0, 1.65685, 3],
							"pivot": [17, 15, 3.5],
							"rotation": [-45, 0, 0],
							"uv": {
								"north": {"uv": [0, 0], "uv_size": [0, 2]},
								"east": {"uv": [60, 28], "uv_size": [3, 2]},
								"south": {"uv": [0, 0], "uv_size": [0, 2]},
								"west": {"uv": [60, 42], "uv_size": [3, 2]},
								"up": {"uv": [0, 0], "uv_size": [0, 3]},
								"down": {"uv": [0, 3], "uv_size": [0, -3]}
							}
						},
						{
							"origin": [16, 14.17157, 1.5],
							"size": [0, 1.65685, 1],
							"uv": {
								"north": {"uv": [0, 0], "uv_size": [0, 2]},
								"east": {"uv": [15, 65], "uv_size": [1, 2]},
								"south": {"uv": [0, 0], "uv_size": [0, 2]},
								"west": {"uv": [16, 65], "uv_size": [1, 2]},
								"up": {"uv": [0, 0], "uv_size": [0, 1]},
								"down": {"uv": [0, 1], "uv_size": [0, -1]}
							}
						},
						{
							"origin": [16, 14.17157, 4.5],
							"size": [0, 1.65685, 1],
							"pivot": [17, 15, 3.5],
							"rotation": [-45, 0, 0],
							"uv": {
								"north": {"uv": [0, 0], "uv_size": [0, 2]},
								"east": {"uv": [65, 16], "uv_size": [1, 2]},
								"south": {"uv": [0, 0], "uv_size": [0, 2]},
								"west": {"uv": [17, 65], "uv_size": [1, 2]},
								"up": {"uv": [0, 0], "uv_size": [0, 1]},
								"down": {"uv": [0, 1], "uv_size": [0, -1]}
							}
						},
						{
							"origin": [16, 14.17157, 4.5],
							"size": [0, 1.65685, 1],
							"uv": {
								"north": {"uv": [0, 0], "uv_size": [0, 2]},
								"east": {"uv": [18, 65], "uv_size": [1, 2]},
								"south": {"uv": [0, 0], "uv_size": [0, 2]},
								"west": {"uv": [19, 65], "uv_size": [1, 2]},
								"up": {"uv": [0, 0], "uv_size": [0, 1]},
								"down": {"uv": [0, 1], "uv_size": [0, -1]}
							}
						},
						{
							"origin": [16, 13, 2.67157],
							"size": [0, 1, 1.65685],
							"pivot": [17, 15, 3.5],
							"rotation": [-45, 0, 0],
							"uv": {
								"north": {"uv": [0, 0], "uv_size": [0, 1]},
								"east": {"uv": [65, 20], "uv_size": [2, 1]},
								"south": {"uv": [0, 0], "uv_size": [0, 1]},
								"west": {"uv": [21, 65], "uv_size": [2, 1]},
								"up": {"uv": [0, 0], "uv_size": [0, 2]},
								"down": {"uv": [0, 2], "uv_size": [0, -2]}
							}
						},
						{
							"origin": [16, 13, 2.67157],
							"size": [0, 1, 1.65685],
							"uv": {
								"north": {"uv": [0, 0], "uv_size": [0, 1]},
								"east": {"uv": [65, 21], "uv_size": [2, 1]},
								"south": {"uv": [0, 0], "uv_size": [0, 1]},
								"west": {"uv": [23, 65], "uv_size": [2, 1]},
								"up": {"uv": [0, 0], "uv_size": [0, 2]},
								"down": {"uv": [0, 2], "uv_size": [0, -2]}
							}
						},
						{
							"origin": [16, 14, 2.67157],
							"size": [0, 3, 1.65685],
							"pivot": [17, 15, 3.5],
							"rotation": [-45, 0, 0],
							"uv": {
								"north": {"uv": [0, 0], "uv_size": [0, 3]},
								"east": {"uv": [0, 62], "uv_size": [2, 3]},
								"south": {"uv": [0, 0], "uv_size": [0, 3]},
								"west": {"uv": [6, 62], "uv_size": [2, 3]},
								"up": {"uv": [0, 0], "uv_size": [0, 2]},
								"down": {"uv": [0, 2], "uv_size": [0, -2]}
							}
						},
						{
							"origin": [16, 14, 2.67157],
							"size": [0, 3, 1.65685],
							"uv": {
								"north": {"uv": [0, 0], "uv_size": [0, 3]},
								"east": {"uv": [21, 62], "uv_size": [2, 3]},
								"south": {"uv": [0, 0], "uv_size": [0, 3]},
								"west": {"uv": [23, 62], "uv_size": [2, 3]},
								"up": {"uv": [0, 0], "uv_size": [0, 2]},
								"down": {"uv": [0, 2], "uv_size": [0, -2]}
							}
						}
					]
				},
				{
					"name": "ai",
					"parent": "root",
					"pivot": [19, 15, -3],
					"rotation": [0, 0, 90],
					"cubes": [
						{
							"origin": [22.08, 14.08102, -7.62],
							"size": [1.54, 1.83795, 6.08],
							"pivot": [19, 15, -3],
							"rotation": [45, 0, 0],
							"uv": {
								"north": {"uv": [61, 36], "uv_size": [2, 2]},
								"east": {"uv": [0, 54], "uv_size": [6, 2]},
								"south": {"uv": [62, 18], "uv_size": [2, 2]},
								"west": {"uv": [6, 54], "uv_size": [6, 2]},
								"up": {"uv": [12, 54], "uv_size": [2, 6]},
								"down": {"uv": [14, 60], "uv_size": [2, -6]}
							}
						},
						{
							"origin": [22.08, 14.08102, -7.62],
							"size": [1.54, 1.83795, 6.08],
							"pivot": [19, 15, -3],
							"rotation": [22.5, 0, 0],
							"uv": {
								"north": {"uv": [62, 23], "uv_size": [2, 2]},
								"east": {"uv": [16, 54], "uv_size": [6, 2]},
								"south": {"uv": [62, 25], "uv_size": [2, 2]},
								"west": {"uv": [22, 54], "uv_size": [6, 2]},
								"up": {"uv": [28, 54], "uv_size": [2, 6]},
								"down": {"uv": [30, 60], "uv_size": [2, -6]}
							}
						},
						{
							"origin": [22.08, 14.08102, -7.62],
							"size": [1.54, 1.83795, 3.08],
							"uv": {
								"north": {"uv": [62, 44], "uv_size": [2, 2]},
								"east": {"uv": [22, 57], "uv_size": [3, 2]},
								"south": {"uv": [49, 62], "uv_size": [2, 2]},
								"west": {"uv": [57, 42], "uv_size": [3, 2]},
								"up": {"uv": [57, 44], "uv_size": [2, 3]},
								"down": {"uv": [52, 60], "uv_size": [2, -3]}
							}
						},
						{
							"origin": [22.08, 14.08102, -7.62],
							"size": [1.54, 1.83795, 7.08],
							"pivot": [19, 15, -3],
							"rotation": [-22.5, 0, 0],
							"uv": {
								"north": {"uv": [62, 49], "uv_size": [2, 2]},
								"east": {"uv": [50, 30], "uv_size": [7, 2]},
								"south": {"uv": [62, 51], "uv_size": [2, 2]},
								"west": {"uv": [52, 48], "uv_size": [7, 2]},
								"up": {"uv": [49, 52], "uv_size": [2, 7]},
								"down": {"uv": [52, 57], "uv_size": [2, -7]}
							}
						},
						{
							"origin": [22.08, 14.08102, -7.62],
							"size": [1.54, 1.83795, 6.08],
							"pivot": [19, 15, -3],
							"rotation": [-45, 0, 0],
							"uv": {
								"north": {"uv": [62, 53], "uv_size": [2, 2]},
								"east": {"uv": [54, 50], "uv_size": [6, 2]},
								"south": {"uv": [62, 57], "uv_size": [2, 2]},
								"west": {"uv": [54, 52], "uv_size": [6, 2]},
								"up": {"uv": [32, 54], "uv_size": [2, 6]},
								"down": {"uv": [34, 60], "uv_size": [2, -6]}
							}
						},
						{
							"origin": [22.08, 14.08102, -1.46],
							"size": [1.54, 1.83795, 3.08],
							"pivot": [19, 15, -3],
							"rotation": [45, 0, 0],
							"uv": {
								"north": {"uv": [62, 59], "uv_size": [2, 2]},
								"east": {"uv": [54, 57], "uv_size": [3, 2]},
								"south": {"uv": [62, 61], "uv_size": [2, 2]},
								"west": {"uv": [57, 57], "uv_size": [3, 2]},
								"up": {"uv": [58, 26], "uv_size": [2, 3]},
								"down": {"uv": [6, 62], "uv_size": [2, -3]}
							}
						},
						{
							"origin": [22.08, 14.08102, -4.46],
							"size": [1.54, 1.83795, 6.08],
							"pivot": [19, 15, -3],
							"rotation": [22.5, 0, 0],
							"uv": {
								"north": {"uv": [63, 0], "uv_size": [2, 2]},
								"east": {"uv": [54, 54], "uv_size": [6, 2]},
								"south": {"uv": [63, 2], "uv_size": [2, 2]},
								"west": {"uv": [55, 14], "uv_size": [6, 2]},
								"up": {"uv": [36, 55], "uv_size": [2, 6]},
								"down": {"uv": [38, 61], "uv_size": [2, -6]}
							}
						},
						{
							"origin": [22.08, 14.08102, -1.46],
							"size": [1.54, 1.83795, 3.08],
							"uv": {
								"north": {"uv": [63, 4], "uv_size": [2, 2]},
								"east": {"uv": [8, 59], "uv_size": [3, 2]},
								"south": {"uv": [63, 6], "uv_size": [2, 2]},
								"west": {"uv": [59, 18], "uv_size": [3, 2]},
								"up": {"uv": [59, 20], "uv_size": [2, 3]},
								"down": {"uv": [22, 62], "uv_size": [2, -3]}
							}
						},
						{
							"origin": [22.08, 14.08102, -1.46],
							"size": [1.54, 1.83795, 3.08],
							"pivot": [19, 15, -3],
							"rotation": [-22.5, 0, 0],
							"uv": {
								"north": {"uv": [10, 63], "uv_size": [2, 2]},
								"east": {"uv": [59, 23], "uv_size": [3, 2]},
								"south": {"uv": [12, 63], "uv_size": [2, 2]},
								"west": {"uv": [59, 44], "uv_size": [3, 2]},
								"up": {"uv": [24, 59], "uv_size": [2, 3]},
								"down": {"uv": [59, 49], "uv_size": [2, -3]}
							}
						},
						{
							"origin": [22.08, 14.08102, -1.46],
							"size": [1.54, 1.83795, 3.08],
							"pivot": [19, 15, -3],
							"rotation": [-45, 0, 0],
							"uv": {
								"north": {"uv": [14, 63], "uv_size": [2, 2]},
								"east": {"uv": [54, 59], "uv_size": [3, 2]},
								"south": {"uv": [16, 63], "uv_size": [2, 2]},
								"west": {"uv": [57, 59], "uv_size": [3, 2]},
								"up": {"uv": [49, 59], "uv_size": [2, 3]},
								"down": {"uv": [11, 63], "uv_size": [2, -3]}
							}
						},
						{
							"origin": [22.08, 10.38, -3.91898],
							"size": [1.54, 3.08, 1.83795],
							"pivot": [19, 15, -3],
							"rotation": [22.5, 0, 0],
							"uv": {
								"north": {"uv": [13, 60], "uv_size": [2, 3]},
								"east": {"uv": [15, 60], "uv_size": [2, 3]},
								"south": {"uv": [17, 60], "uv_size": [2, 3]},
								"west": {"uv": [19, 60], "uv_size": [2, 3]},
								"up": {"uv": [18, 63], "uv_size": [2, 2]},
								"down": {"uv": [63, 22], "uv_size": [2, -2]}
							}
						},
						{
							"origin": [22.08, 10.38, -3.91898],
							"size": [1.54, 3.08, 1.83795],
							"uv": {
								"north": {"uv": [60, 25], "uv_size": [2, 3]},
								"east": {"uv": [28, 60], "uv_size": [2, 3]},
								"south": {"uv": [30, 60], "uv_size": [2, 3]},
								"west": {"uv": [32, 60], "uv_size": [2, 3]},
								"up": {"uv": [25, 63], "uv_size": [2, 2]},
								"down": {"uv": [27, 65], "uv_size": [2, -2]}
							}
						},
						{
							"origin": [22.08, 10.38, -3.91898],
							"size": [1.54, 3.08, 1.83795],
							"pivot": [19, 15, -3],
							"rotation": [-22.5, 0, 0],
							"uv": {
								"north": {"uv": [34, 60], "uv_size": [2, 3]},
								"east": {"uv": [60, 49], "uv_size": [2, 3]},
								"south": {"uv": [52, 60], "uv_size": [2, 3]},
								"west": {"uv": [60, 52], "uv_size": [2, 3]},
								"up": {"uv": [63, 27], "uv_size": [2, 2]},
								"down": {"uv": [29, 65], "uv_size": [2, -2]}
							}
						},
						{
							"origin": [22.08, 13.54, -3.91898],
							"size": [1.54, 6.08, 1.83795],
							"pivot": [19, 15, -3],
							"rotation": [22.5, 0, 0],
							"uv": {
								"north": {"uv": [40, 55], "uv_size": [2, 6]},
								"east": {"uv": [42, 55], "uv_size": [2, 6]},
								"south": {"uv": [44, 55], "uv_size": [2, 6]},
								"west": {"uv": [0, 56], "uv_size": [2, 6]},
								"up": {"uv": [31, 63], "uv_size": [2, 2]},
								"down": {"uv": [33, 65], "uv_size": [2, -2]}
							}
						},
						{
							"origin": [22.08, 16.54, -3.91898],
							"size": [1.54, 3.08, 1.83795],
							"uv": {
								"north": {"uv": [60, 57], "uv_size": [2, 3]},
								"east": {"uv": [60, 60], "uv_size": [2, 3]},
								"south": {"uv": [61, 0], "uv_size": [2, 3]},
								"west": {"uv": [61, 3], "uv_size": [2, 3]},
								"up": {"uv": [63, 36], "uv_size": [2, 2]},
								"down": {"uv": [63, 44], "uv_size": [2, -2]}
							}
						},
						{
							"origin": [22.08, 16.54, -3.91898],
							"size": [1.54, 3.08, 1.83795],
							"pivot": [19, 15, -3],
							"rotation": [-22.5, 0, 0],
							"uv": {
								"north": {"uv": [61, 6], "uv_size": [2, 3]},
								"east": {"uv": [8, 61], "uv_size": [2, 3]},
								"south": {"uv": [61, 20], "uv_size": [2, 3]},
								"west": {"uv": [36, 61], "uv_size": [2, 3]},
								"up": {"uv": [63, 46], "uv_size": [2, 2]},
								"down": {"uv": [52, 65], "uv_size": [2, -2]}
							}
						},
						{
							"origin": [20.1, 13.5, -4.4],
							"size": [2, 3, 2.8],
							"uv": {
								"north": {"uv": [38, 61], "uv_size": [2, 3]},
								"east": {"uv": [6, 56], "uv_size": [3, 3]},
								"south": {"uv": [40, 61], "uv_size": [2, 3]},
								"west": {"uv": [9, 56], "uv_size": [3, 3]},
								"up": {"uv": [42, 61], "uv_size": [2, 3]},
								"down": {"uv": [44, 64], "uv_size": [2, -3]}
							}
						}
					]
				},
				{
					"name": "arm",
					"parent": "ai",
					"pivot": [20, 15, -3],
					"cubes": [
						{
							"origin": [12, 14, -4],
							"size": [9, 2, 2],
							"uv": {
								"north": {"uv": [50, 18], "uv_size": [9, 2]},
								"east": {"uv": [60, 63], "uv_size": [2, 2]},
								"south": {"uv": [50, 20], "uv_size": [9, 2]},
								"west": {"uv": [62, 63], "uv_size": [2, 2]},
								"up": {"uv": [50, 22], "uv_size": [9, 2]},
								"down": {"uv": [50, 26], "uv_size": [9, -2]}
							}
						},
						{
							"origin": [11.6, 13.5, -4.7],
							"size": [2, 3, 3],
							"uv": {
								"north": {"uv": [61, 46], "uv_size": [2, 3]},
								"east": {"uv": [16, 57], "uv_size": [3, 3]},
								"south": {"uv": [54, 61], "uv_size": [2, 3]},
								"west": {"uv": [19, 57], "uv_size": [3, 3]},
								"up": {"uv": [56, 61], "uv_size": [2, 3]},
								"down": {"uv": [58, 64], "uv_size": [2, -3]}
							}
						}
					]
				},
				{
					"name": "arms",
					"parent": "arm",
					"pivot": [12, 15, -3],
					"cubes": [
						{
							"origin": [3, 14.4, -3.6],
							"size": [10, 1.2, 1.2],
							"pivot": [12, 15, -3],
							"rotation": [0, 0, -12],
							"uv": {
								"north": {"uv": [55, 16], "uv_size": [10, 1]},
								"east": {"uv": [11, 59], "uv_size": [1, 1]},
								"south": {"uv": [55, 17], "uv_size": [10, 1]},
								"west": {"uv": [59, 25], "uv_size": [1, 1]},
								"up": {"uv": [16, 56], "uv_size": [10, 1]},
								"down": {"uv": [54, 57], "uv_size": [10, -1]}
							}
						},
						{
							"origin": [3, 12, -4],
							"size": [2, 2, 2],
							"uv": {
								"north": {"uv": [8, 64], "uv_size": [2, 2]},
								"east": {"uv": [64, 18], "uv_size": [2, 2]},
								"south": {"uv": [64, 22], "uv_size": [2, 2]},
								"west": {"uv": [64, 24], "uv_size": [2, 2]},
								"up": {"uv": [35, 64], "uv_size": [2, 2]},
								"down": {"uv": [37, 66], "uv_size": [2, -2]}
							}
						}
					]
				}
			]
		}
	]
}