{
	"format_version": "1.12.0",
	"minecraft:geometry": [
		{
			"description": {
				"identifier": "geometry.mc_laserz",
				"texture_width": 16,
				"texture_height": 16,
				"visible_bounds_width": 3,
				"visible_bounds_height": 3.5,
				"visible_bounds_offset": [0, 1.25, 0]
			},
			"bones": [
				{
					"name": "root",
					"pivot": [0, 0, 0]
				},
				{
					"name": "waist",
					"parent": "root",
					"pivot": [0, 0, 0]
				},
				{
					"name": "Body",
					"parent": "waist",
					"pivot": [0, 24, 0]
				},
				{
					"name": "RightArm",
					"parent": "Body",
					"pivot": [-5, 22, 0]
				},
				{
					"name": "bone",
					"parent": "RightArm",
					"pivot": [-6, 15, -2],
					"cubes": [
						{
							"origin": [-7, 13, -3],
							"size": [2, 6, 1],
							"uv": {
								"north": {"uv": [0, 0], "uv_size": [2, 6]},
								"east": {"uv": [0, 6], "uv_size": [1, 6]},
								"south": {"uv": [2, 0], "uv_size": [2, 6]},
								"west": {"uv": [1, 6], "uv_size": [1, 6]},
								"up": {"uv": [9, 1], "uv_size": [2, 1]},
								"down": {"uv": [9, 3], "uv_size": [2, -1]}
							}
						},
						{
							"origin": [-7, 17, -4],
							"size": [2, 2, 1],
							"uv": {
								"north": {"uv": [2, 6], "uv_size": [2, 2]},
								"east": {"uv": [9, 3], "uv_size": [1, 2]},
								"south": {"uv": [4, 6], "uv_size": [2, 2]},
								"west": {"uv": [9, 5], "uv_size": [1, 2]},
								"up": {"uv": [9, 7], "uv_size": [2, 1]},
								"down": {"uv": [8, 10], "uv_size": [2, -1]}
							}
						},
						{
							"origin": [-7.4, 14.5, -3.3],
							"size": [2.8, 3.2, 1],
							"uv": {
								"north": {"uv": [4, 0], "uv_size": [3, 3]},
								"east": {"uv": [5, 8], "uv_size": [1, 3]},
								"south": {"uv": [4, 3], "uv_size": [3, 3]},
								"west": {"uv": [7, 8], "uv_size": [1, 3]},
								"up": {"uv": [8, 8], "uv_size": [3, 1]},
								"down": {"uv": [9, 1], "uv_size": [3, -1]}
							}
						}
					]
				},
				{
					"name": "bone2",
					"parent": "bone",
					"pivot": [-6, 17, -3.5],
					"cubes": [
						{
							"origin": [-6.3, 13.1, -3.9],
							"size": [0.6, 3.9, 0.6],
							"uv": {
								"north": {"uv": [6, 6], "uv_size": [1, 4]},
								"east": {"uv": [7, 0], "uv_size": [1, 4]},
								"south": {"uv": [7, 4], "uv_size": [1, 4]},
								"west": {"uv": [8, 0], "uv_size": [1, 4]},
								"up": {"uv": [10, 3], "uv_size": [1, 1]},
								"down": {"uv": [10, 5], "uv_size": [1, -1]}
							}
						},
						{
							"origin": [-6.6, 13.1, -3.9],
							"size": [0.6, 3.9, 0.6],
							"pivot": [-6, 17, -3],
							"rotation": [0, -27, 0],
							"uv": {
								"north": {"uv": [2, 8], "uv_size": [1, 4]},
								"east": {"uv": [3, 8], "uv_size": [1, 4]},
								"south": {"uv": [4, 8], "uv_size": [1, 4]},
								"west": {"uv": [8, 4], "uv_size": [1, 4]},
								"up": {"uv": [10, 5], "uv_size": [1, 1]},
								"down": {"uv": [6, 11], "uv_size": [1, -1]}
							}
						}
					]
				}
			]
		}
	]
}