{
	"format_version": "1.12.0",
	"minecraft:geometry": [
		{
			"description": {
				"identifier": "geometry.mc_mark9",
				"texture_width": 128,
				"texture_height": 128,
				"visible_bounds_width": 3,
				"visible_bounds_height": 4.5,
				"visible_bounds_offset": [0, 1.75, 0]
			},
			"bones": [
				{
					"name": "root",
					"pivot": [0, 0, 0]
				},
				{
					"name": "RightLeg",
					"parent": "root",
					"pivot": [-1.9, 12, 0]
				},
				{
					"name": "RightLeg2",
					"parent": "RightLeg",
					"pivot": [-1.9, 12, 0],
					"cubes": [
						{
							"origin": [-3.9, 0, -2],
							"size": [4, 12, 4],
							"inflate": 0.15,
							"uv": {
								"north": {"uv": [0, 29], "uv_size": [4, 12]},
								"east": {"uv": [4, 29], "uv_size": [4, 12]},
								"south": {"uv": [8, 29], "uv_size": [4, 12]},
								"west": {"uv": [12, 29], "uv_size": [4, 12]},
								"up": {"uv": [54, 54], "uv_size": [4, 4]},
								"down": {"uv": [34, 59], "uv_size": [4, -4]}
							}
						},
						{
							"origin": [-3.9, 2.1, -2],
							"size": [4, 10, 4],
							"inflate": 0.25,
							"uv": {
								"north": {"uv": [43, 10], "uv_size": [4, 10]},
								"east": {"uv": [14, 44], "uv_size": [4, 10]},
								"south": {"uv": [18, 44], "uv_size": [4, 10]},
								"west": {"uv": [44, 20], "uv_size": [4, 10]},
								"up": {"uv": [38, 55], "uv_size": [4, 4]},
								"down": {"uv": [49, 59], "uv_size": [4, -4]}
							}
						},
						{
							"origin": [-3.9, 7.3, -2],
							"size": [4, 4, 4],
							"inflate": 0.35,
							"uv": {
								"north": {"uv": [0, 53], "uv_size": [4, 5]},
								"east": {"uv": [53, 25], "uv_size": [4, 5]},
								"south": {"uv": [53, 30], "uv_size": [4, 5]},
								"west": {"uv": [4, 54], "uv_size": [4, 5]},
								"up": {"uv": [57, 0], "uv_size": [4, 4]},
								"down": {"uv": [57, 8], "uv_size": [4, -4]}
							}
						},
						{
							"origin": [-3.1, 5.9, -2],
							"size": [2.4, 1.4, 4],
							"inflate": 0.35,
							"uv": {
								"north": {"uv": [0, 53], "uv_size": [4, 5]},
								"east": {"uv": [53, 25], "uv_size": [4, 5]},
								"south": {"uv": [53, 30], "uv_size": [4, 5]},
								"west": {"uv": [4, 54], "uv_size": [4, 5]},
								"up": {"uv": [57, 0], "uv_size": [4, 4]},
								"down": {"uv": [57, 8], "uv_size": [4, -4]}
							}
						},
						{
							"origin": [-3.4, 6.5, -2],
							"size": [3, 0.2, 4],
							"inflate": 0.35,
							"uv": {
								"north": {"uv": [0, 53], "uv_size": [4, 5]},
								"east": {"uv": [53, 25], "uv_size": [4, 5]},
								"south": {"uv": [53, 30], "uv_size": [4, 5]},
								"west": {"uv": [4, 54], "uv_size": [4, 5]},
								"up": {"uv": [57, 0], "uv_size": [4, 4]},
								"down": {"uv": [57, 8], "uv_size": [4, -4]}
							}
						},
						{
							"origin": [-3.4, 1.8, -2],
							"size": [3, 0.2, 4],
							"inflate": 0.35,
							"uv": {
								"north": {"uv": [0, 53], "uv_size": [4, 5]},
								"east": {"uv": [53, 25], "uv_size": [4, 5]},
								"south": {"uv": [53, 30], "uv_size": [4, 5]},
								"west": {"uv": [4, 54], "uv_size": [4, 5]},
								"up": {"uv": [57, 0], "uv_size": [4, 4]},
								"down": {"uv": [57, 8], "uv_size": [4, -4]}
							}
						},
						{
							"origin": [-3.5, 1.8, -2],
							"size": [2.4, 0.6, 4],
							"inflate": 0.35,
							"uv": {
								"north": {"uv": [0, 53], "uv_size": [4, 5]},
								"east": {"uv": [53, 25], "uv_size": [4, 5]},
								"south": {"uv": [53, 30], "uv_size": [4, 5]},
								"west": {"uv": [4, 54], "uv_size": [4, 5]},
								"up": {"uv": [57, 0], "uv_size": [4, 4]},
								"down": {"uv": [57, 8], "uv_size": [4, -4]}
							}
						}
					]
				},
				{
					"name": "LeftLeg",
					"parent": "root",
					"pivot": [1.9, 12, 0]
				},
				{
					"name": "LeftLeg2",
					"parent": "LeftLeg",
					"pivot": [1.9, 12, 0],
					"cubes": [
						{
							"origin": [-0.1, 0, -2],
							"size": [4, 12, 4],
							"inflate": 0.15,
							"uv": {
								"north": {"uv": [16, 32], "uv_size": [4, 12]},
								"east": {"uv": [20, 32], "uv_size": [4, 12]},
								"south": {"uv": [24, 32], "uv_size": [4, 12]},
								"west": {"uv": [28, 32], "uv_size": [4, 12]},
								"up": {"uv": [57, 8], "uv_size": [4, 4]},
								"down": {"uv": [57, 29], "uv_size": [4, -4]}
							}
						},
						{
							"origin": [0.1, 7.3, -2],
							"size": [3.8, 4.1, 4],
							"inflate": 0.35,
							"uv": {
								"north": {"uv": [8, 54], "uv_size": [4, 5]},
								"east": {"uv": [12, 54], "uv_size": [4, 5]},
								"south": {"uv": [16, 54], "uv_size": [4, 5]},
								"west": {"uv": [20, 54], "uv_size": [4, 5]},
								"up": {"uv": [57, 29], "uv_size": [4, 4]},
								"down": {"uv": [57, 37], "uv_size": [4, -4]}
							}
						},
						{
							"origin": [0.9, 5.9, -2],
							"size": [2.2, 1.5, 4],
							"inflate": 0.35,
							"uv": {
								"north": {"uv": [8, 54], "uv_size": [4, 5]},
								"east": {"uv": [12, 54], "uv_size": [4, 5]},
								"south": {"uv": [16, 54], "uv_size": [4, 5]},
								"west": {"uv": [20, 54], "uv_size": [4, 5]},
								"up": {"uv": [57, 29], "uv_size": [4, 4]},
								"down": {"uv": [57, 37], "uv_size": [4, -4]}
							}
						},
						{
							"origin": [0.6, 6.5, -2],
							"size": [2.8, 0.3, 4],
							"inflate": 0.35,
							"uv": {
								"north": {"uv": [8, 54], "uv_size": [4, 5]},
								"east": {"uv": [12, 54], "uv_size": [4, 5]},
								"south": {"uv": [16, 54], "uv_size": [4, 5]},
								"west": {"uv": [20, 54], "uv_size": [4, 5]},
								"up": {"uv": [57, 29], "uv_size": [4, 4]},
								"down": {"uv": [57, 37], "uv_size": [4, -4]}
							}
						},
						{
							"origin": [0.6, 1.8, -2],
							"size": [2.8, 0.3, 4],
							"inflate": 0.35,
							"uv": {
								"north": {"uv": [8, 54], "uv_size": [4, 5]},
								"east": {"uv": [12, 54], "uv_size": [4, 5]},
								"south": {"uv": [16, 54], "uv_size": [4, 5]},
								"west": {"uv": [20, 54], "uv_size": [4, 5]},
								"up": {"uv": [57, 29], "uv_size": [4, 4]},
								"down": {"uv": [57, 37], "uv_size": [4, -4]}
							}
						},
						{
							"origin": [1.2, 1.8, -2],
							"size": [2.2, 0.7, 4],
							"inflate": 0.35,
							"uv": {
								"north": {"uv": [8, 54], "uv_size": [4, 5]},
								"east": {"uv": [12, 54], "uv_size": [4, 5]},
								"south": {"uv": [16, 54], "uv_size": [4, 5]},
								"west": {"uv": [20, 54], "uv_size": [4, 5]},
								"up": {"uv": [57, 29], "uv_size": [4, 4]},
								"down": {"uv": [57, 37], "uv_size": [4, -4]}
							}
						},
						{
							"origin": [-0.1, 2.1, -2],
							"size": [4, 10, 4],
							"inflate": 0.25,
							"uv": {
								"north": {"uv": [22, 44], "uv_size": [4, 10]},
								"east": {"uv": [26, 44], "uv_size": [4, 10]},
								"south": {"uv": [30, 44], "uv_size": [4, 10]},
								"west": {"uv": [44, 30], "uv_size": [4, 10]},
								"up": {"uv": [57, 37], "uv_size": [4, 4]},
								"down": {"uv": [57, 45], "uv_size": [4, -4]}
							}
						}
					]
				},
				{
					"name": "waist",
					"parent": "root",
					"pivot": [0, 0, 0]
				},
				{
					"name": "body",
					"parent": "waist",
					"pivot": [0, 24, 0]
				},
				{
					"name": "body2",
					"parent": "body",
					"pivot": [0, 24, 0],
					"cubes": [
						{
							"origin": [-4, 12, -2],
							"size": [8, 12, 4],
							"inflate": 0.15,
							"uv": {
								"north": {"uv": [0, 0], "uv_size": [8, 12]},
								"east": {"uv": [32, 32], "uv_size": [4, 12]},
								"south": {"uv": [8, 0], "uv_size": [8, 12]},
								"west": {"uv": [35, 0], "uv_size": [4, 12]},
								"up": {"uv": [49, 38], "uv_size": [8, 4]},
								"down": {"uv": [49, 46], "uv_size": [8, -4]}
							}
						},
						{
							"origin": [-4.3, 15.8, -2.6],
							"size": [8.7, 8.9, 5.1],
							"uv": {
								"north": {"uv": [0, 12], "uv_size": [9, 9]},
								"east": {"uv": [4, 41], "uv_size": [5, 9]},
								"south": {"uv": [9, 12], "uv_size": [9, 9]},
								"west": {"uv": [9, 41], "uv_size": [5, 9]},
								"up": {"uv": [43, 0], "uv_size": [9, 5]},
								"down": {"uv": [43, 10], "uv_size": [9, -5]}
							}
						},
						{
							"origin": [-0.96096, 20.60832, -2.5352],
							"size": [2.2344, 1.65984, 0.70224],
							"uv": {
								"north": {"uv": [62, 62], "uv_size": [2, 2]},
								"east": {"uv": [19, 65], "uv_size": [1, 2]},
								"south": {"uv": [4, 63], "uv_size": [2, 2]},
								"west": {"uv": [20, 65], "uv_size": [1, 2]},
								"up": {"uv": [65, 8], "uv_size": [2, 1]},
								"down": {"uv": [21, 66], "uv_size": [2, -1]}
							}
						},
						{
							"origin": [1.86605, 19.52998, -2.68304],
							"size": [0.46368, 3.19181, 0.84269],
							"pivot": [0.9024, 19.4816, -0.3848],
							"rotation": [0, 0, 10],
							"uv": {
								"north": {"uv": [23, 65], "uv_size": [1, 2]},
								"east": {"uv": [65, 28], "uv_size": [1, 2]},
								"south": {"uv": [65, 30], "uv_size": [1, 2]},
								"west": {"uv": [65, 32], "uv_size": [1, 2]},
								"up": {"uv": [66, 47], "uv_size": [1, 1]},
								"down": {"uv": [48, 67], "uv_size": [1, -1]}
							}
						},
						{
							"origin": [2.87405, 20.22598, -2.68304],
							"size": [0.46368, 1.28621, 0.84269],
							"pivot": [0.9024, 20.6816, -0.3848],
							"rotation": [0, 0, -55],
							"uv": {
								"north": {"uv": [66, 48], "uv_size": [1, 1]},
								"east": {"uv": [49, 66], "uv_size": [1, 1]},
								"south": {"uv": [66, 49], "uv_size": [1, 1]},
								"west": {"uv": [50, 66], "uv_size": [1, 1]},
								"up": {"uv": [66, 50], "uv_size": [1, 1]},
								"down": {"uv": [66, 52], "uv_size": [1, -1]}
							}
						},
						{
							"origin": [1.97565, 20.02598, -2.68304],
							"size": [0.46368, 1.38621, 0.84269],
							"pivot": [-0.1976, 20.5816, -0.3848],
							"rotation": [0, 0, -124],
							"uv": {
								"north": {"uv": [66, 52], "uv_size": [1, 1]},
								"east": {"uv": [66, 53], "uv_size": [1, 1]},
								"south": {"uv": [56, 66], "uv_size": [1, 1]},
								"west": {"uv": [57, 66], "uv_size": [1, 1]},
								"up": {"uv": [66, 57], "uv_size": [1, 1]},
								"down": {"uv": [58, 67], "uv_size": [1, -1]}
							}
						},
						{
							"origin": [0.26445, 18.31318, -2.82384],
							"size": [0.46368, 2.79021, 0.84269],
							"pivot": [-0.4976, 20.3816, -0.3848],
							"rotation": [0.52596, -7.00715, 161.1288],
							"uv": {
								"north": {"uv": [59, 66], "uv_size": [1, 1]},
								"east": {"uv": [60, 66], "uv_size": [1, 1]},
								"south": {"uv": [61, 66], "uv_size": [1, 1]},
								"west": {"uv": [62, 66], "uv_size": [1, 1]},
								"up": {"uv": [66, 62], "uv_size": [1, 1]},
								"down": {"uv": [63, 67], "uv_size": [1, -1]}
							}
						},
						{
							"origin": [-1.34915, 22.14358, -2.78544],
							"size": [2.87248, 0.57821, 0.84269],
							"uv": {
								"north": {"uv": [66, 38], "uv_size": [1, 1]},
								"east": {"uv": [39, 66], "uv_size": [1, 1]},
								"south": {"uv": [40, 66], "uv_size": [1, 1]},
								"west": {"uv": [42, 66], "uv_size": [1, 1]},
								"up": {"uv": [43, 66], "uv_size": [1, 1]},
								"down": {"uv": [66, 46], "uv_size": [1, -1]}
							}
						},
						{
							"origin": [-1.25075, 19.32918, -2.98544],
							"size": [3.07648, 0.57821, 0.84269],
							"uv": {
								"north": {"uv": [65, 24], "uv_size": [2, 1]},
								"east": {"uv": [66, 46], "uv_size": [1, 1]},
								"south": {"uv": [65, 25], "uv_size": [2, 1]},
								"west": {"uv": [47, 66], "uv_size": [1, 1]},
								"up": {"uv": [65, 26], "uv_size": [2, 1]},
								"down": {"uv": [65, 28], "uv_size": [2, -1]}
							}
						},
						{
							"origin": [1.39187, 19.52998, -2.83626],
							"size": [0.50643, 2.70877, 0.84269],
							"pivot": [1.74509, 19.6832, -2.83626],
							"rotation": [0, 0, 12],
							"uv": {
								"north": {"uv": [66, 15], "uv_size": [1, 1]},
								"east": {"uv": [16, 66], "uv_size": [1, 1]},
								"south": {"uv": [66, 16], "uv_size": [1, 1]},
								"west": {"uv": [17, 66], "uv_size": [1, 1]},
								"up": {"uv": [66, 17], "uv_size": [1, 1]},
								"down": {"uv": [21, 67], "uv_size": [1, -1]}
							}
						},
						{
							"origin": [-1.72333, 19.91302, -2.83626],
							"size": [0.60643, 2.50877, 0.84269],
							"pivot": [0.72813, 20.5832, -2.83626],
							"rotation": [0, 0, -12],
							"uv": {
								"north": {"uv": [22, 66], "uv_size": [1, 1]},
								"east": {"uv": [24, 66], "uv_size": [1, 1]},
								"south": {"uv": [25, 66], "uv_size": [1, 1]},
								"west": {"uv": [26, 66], "uv_size": [1, 1]},
								"up": {"uv": [27, 66], "uv_size": [1, 1]},
								"down": {"uv": [66, 29], "uv_size": [1, -1]}
							}
						},
						{
							"origin": [-1.82976, 18.89782, -2.83626],
							"size": [0.60643, 1.0959, 0.84269],
							"pivot": [1.02813, 20.7832, -2.83626],
							"rotation": [0, 0, 56],
							"uv": {
								"north": {"uv": [66, 29], "uv_size": [1, 1]},
								"east": {"uv": [66, 30], "uv_size": [1, 1]},
								"south": {"uv": [66, 31], "uv_size": [1, 1]},
								"west": {"uv": [32, 66], "uv_size": [1, 1]},
								"up": {"uv": [66, 32], "uv_size": [1, 1]},
								"down": {"uv": [33, 67], "uv_size": [1, -1]}
							}
						},
						{
							"origin": [0.21293, 19.65747, -2.83626],
							"size": [0.60643, 1.0959, 0.84269],
							"pivot": [1.74509, 20.8832, -2.83626],
							"rotation": [0, 0, 118],
							"uv": {
								"north": {"uv": [66, 33], "uv_size": [1, 1]},
								"east": {"uv": [34, 66], "uv_size": [1, 1]},
								"south": {"uv": [35, 66], "uv_size": [1, 1]},
								"west": {"uv": [36, 66], "uv_size": [1, 1]},
								"up": {"uv": [37, 66], "uv_size": [1, 1]},
								"down": {"uv": [38, 67], "uv_size": [1, -1]}
							}
						},
						{
							"origin": [-2.8, 11.6, -2.6],
							"size": [5.8, 4.4, 5.1],
							"uv": {
								"north": {"uv": [18, 59], "uv_size": [3, 4]},
								"east": {"uv": [24, 54], "uv_size": [5, 4]},
								"south": {"uv": [21, 59], "uv_size": [3, 4]},
								"west": {"uv": [29, 54], "uv_size": [5, 4]},
								"up": {"uv": [12, 59], "uv_size": [3, 5]},
								"down": {"uv": [15, 64], "uv_size": [3, -5]}
							}
						},
						{
							"origin": [2.9, 12.2, -2.7],
							"size": [2.1, 4.6, 5.1],
							"pivot": [0, 24, -0.1],
							"rotation": [0, 0, 9],
							"uv": {
								"north": {"uv": [51, 62], "uv_size": [1, 5]},
								"east": {"uv": [49, 50], "uv_size": [5, 5]},
								"south": {"uv": [53, 62], "uv_size": [1, 5]},
								"west": {"uv": [52, 0], "uv_size": [5, 5]},
								"up": {"uv": [54, 62], "uv_size": [1, 5]},
								"down": {"uv": [55, 67], "uv_size": [1, -5]}
							}
						},
						{
							"origin": [-5.1, 12.3, -2.7],
							"size": [2.5, 4.3, 5.1],
							"pivot": [0, 24, -0.1],
							"rotation": [0, 0, -10],
							"uv": {
								"north": {"uv": [16, 8], "uv_size": [2, 4]},
								"east": {"uv": [44, 54], "uv_size": [5, 4]},
								"south": {"uv": [34, 44], "uv_size": [2, 4]},
								"west": {"uv": [54, 50], "uv_size": [5, 4]},
								"up": {"uv": [39, 59], "uv_size": [2, 5]},
								"down": {"uv": [61, 29], "uv_size": [2, -5]}
							}
						},
						{
							"origin": [-1, 20, 2],
							"size": [2, 1, 5],
							"pivot": [0, 24, 0],
							"rotation": [-19.37626, 19.90349, 44.06852],
							"uv": {
								"north": {"uv": [65, 34], "uv_size": [2, 1]},
								"east": {"uv": [62, 54], "uv_size": [5, 1]},
								"south": {"uv": [65, 35], "uv_size": [2, 1]},
								"west": {"uv": [62, 55], "uv_size": [5, 1]},
								"up": {"uv": [61, 29], "uv_size": [2, 5]},
								"down": {"uv": [32, 66], "uv_size": [2, -5]}
							}
						},
						{
							"origin": [-1, 19.5, 3.2],
							"size": [2, 2, 2],
							"pivot": [0, 24, 0],
							"rotation": [-19.37626, 19.90349, 44.06852],
							"uv": {
								"north": {"uv": [6, 63], "uv_size": [2, 2]},
								"east": {"uv": [8, 63], "uv_size": [2, 2]},
								"south": {"uv": [10, 63], "uv_size": [2, 2]},
								"west": {"uv": [18, 63], "uv_size": [2, 2]},
								"up": {"uv": [20, 63], "uv_size": [2, 2]},
								"down": {"uv": [22, 65], "uv_size": [2, -2]}
							}
						},
						{
							"origin": [-5.8, 19.4, -1.3],
							"size": [2, 3.2, 2],
							"pivot": [0, 24, 0],
							"rotation": [-21.2999, 17.81616, 38.12344],
							"uv": {
								"north": {"uv": [63, 36], "uv_size": [2, 2]},
								"east": {"uv": [42, 63], "uv_size": [2, 2]},
								"south": {"uv": [63, 51], "uv_size": [2, 2]},
								"west": {"uv": [56, 63], "uv_size": [2, 2]},
								"up": {"uv": [58, 63], "uv_size": [2, 2]},
								"down": {"uv": [64, 11], "uv_size": [2, -2]}
							}
						},
						{
							"origin": [1.7, 27.2, -1.3],
							"size": [2, 2, 2],
							"pivot": [0, 24, 0],
							"rotation": [-19.37626, 19.90349, 44.06852],
							"uv": {
								"north": {"uv": [64, 11], "uv_size": [2, 2]},
								"east": {"uv": [12, 64], "uv_size": [2, 2]},
								"south": {"uv": [64, 13], "uv_size": [2, 2]},
								"west": {"uv": [14, 64], "uv_size": [2, 2]},
								"up": {"uv": [64, 15], "uv_size": [2, 2]},
								"down": {"uv": [16, 66], "uv_size": [2, -2]}
							}
						},
						{
							"origin": [-1, 20, 2],
							"size": [2, 1, 5],
							"pivot": [0, 24, 0],
							"rotation": [-20.20848, -19.05681, -41.57337],
							"uv": {
								"north": {"uv": [65, 36], "uv_size": [2, 1]},
								"east": {"uv": [56, 62], "uv_size": [5, 1]},
								"south": {"uv": [65, 37], "uv_size": [2, 1]},
								"west": {"uv": [62, 56], "uv_size": [5, 1]},
								"up": {"uv": [34, 61], "uv_size": [2, 5]},
								"down": {"uv": [61, 39], "uv_size": [2, -5]}
							}
						},
						{
							"origin": [-1, 19.5, 3],
							"size": [2, 2, 2],
							"pivot": [0, 24, 0],
							"rotation": [-20.20848, -19.05681, -41.57337],
							"uv": {
								"north": {"uv": [63, 24], "uv_size": [2, 2]},
								"east": {"uv": [63, 26], "uv_size": [2, 2]},
								"south": {"uv": [63, 28], "uv_size": [2, 2]},
								"west": {"uv": [63, 30], "uv_size": [2, 2]},
								"up": {"uv": [63, 32], "uv_size": [2, 2]},
								"down": {"uv": [63, 36], "uv_size": [2, -2]}
							}
						}
					]
				},
				{
					"name": "Head",
					"parent": "body2",
					"pivot": [0, 24, 0]
				},
				{
					"name": "Bosh",
					"parent": "Head",
					"pivot": [0, 25, 0],
					"cubes": [
						{
							"origin": [3, 23.9, -4],
							"size": [1, 2.4, 0],
							"inflate": 0.15,
							"pivot": [4.3, 25.8, 0],
							"rotation": [0, 0, 8],
							"uv": {
								"north": {"uv": [48, 38], "uv_size": [1, 2]},
								"east": {"uv": [0, 0], "uv_size": [0, 2]},
								"south": {"uv": [52, 15], "uv_size": [1, 2]},
								"west": {"uv": [0, 0], "uv_size": [0, 2]},
								"up": {"uv": [0, 0], "uv_size": [1, 0]},
								"down": {"uv": [0, 0], "uv_size": [1, 0]}
							}
						},
						{
							"origin": [-0.6, 30, -4],
							"size": [1.2, 1.4, 0],
							"inflate": 0.15,
							"pivot": [4.3, 25.8, 0],
							"rotation": [0, 0, 8],
							"uv": {
								"north": {"uv": [48, 58], "uv_size": [1, 1]},
								"east": {"uv": [0, 0], "uv_size": [0, 1]},
								"south": {"uv": [65, 38], "uv_size": [1, 1]},
								"west": {"uv": [0, 0], "uv_size": [0, 1]},
								"up": {"uv": [0, 0], "uv_size": [1, 0]},
								"down": {"uv": [0, 0], "uv_size": [1, 0]}
							}
						},
						{
							"origin": [2.4, 30.8, -4],
							"size": [0.8, 1, 0],
							"inflate": 0.15,
							"pivot": [4.3, 25.8, 0],
							"rotation": [0, 0, 8],
							"uv": {
								"north": {"uv": [42, 65], "uv_size": [1, 1]},
								"east": {"uv": [0, 0], "uv_size": [0, 1]},
								"south": {"uv": [43, 65], "uv_size": [1, 1]},
								"west": {"uv": [0, 0], "uv_size": [0, 1]},
								"up": {"uv": [0, 0], "uv_size": [1, 0]},
								"down": {"uv": [0, 0], "uv_size": [1, 0]}
							}
						},
						{
							"origin": [-0.8, 30.9, -4],
							"size": [1.1, 1.4, 0],
							"inflate": 0.15,
							"pivot": [4.3, 25.8, 0],
							"rotation": [0, 0, -4],
							"uv": {
								"north": {"uv": [65, 45], "uv_size": [1, 1]},
								"east": {"uv": [0, 0], "uv_size": [0, 1]},
								"south": {"uv": [65, 46], "uv_size": [1, 1]},
								"west": {"uv": [0, 0], "uv_size": [0, 1]},
								"up": {"uv": [0, 0], "uv_size": [1, 0]},
								"down": {"uv": [0, 0], "uv_size": [1, 0]}
							}
						},
						{
							"origin": [-3.6, 31.3, -4],
							"size": [0.8, 1, 0],
							"inflate": 0.15,
							"pivot": [4.3, 25.8, 0],
							"rotation": [0, 0, -4],
							"uv": {
								"north": {"uv": [47, 65], "uv_size": [1, 1]},
								"east": {"uv": [0, 0], "uv_size": [0, 1]},
								"south": {"uv": [65, 47], "uv_size": [1, 1]},
								"west": {"uv": [0, 0], "uv_size": [0, 1]},
								"up": {"uv": [0, 0], "uv_size": [1, 0]},
								"down": {"uv": [0, 0], "uv_size": [1, 0]}
							}
						},
						{
							"origin": [-4, 23.8, -4],
							"size": [1.1, 2.4, 0],
							"inflate": 0.15,
							"pivot": [-4.7, 25.8, 0],
							"rotation": [0, 0, -9],
							"uv": {
								"north": {"uv": [36, 64], "uv_size": [1, 2]},
								"east": {"uv": [0, 0], "uv_size": [0, 2]},
								"south": {"uv": [37, 64], "uv_size": [1, 2]},
								"west": {"uv": [0, 0], "uv_size": [0, 2]},
								"up": {"uv": [0, 0], "uv_size": [1, 0]},
								"down": {"uv": [0, 0], "uv_size": [1, 0]}
							}
						},
						{
							"origin": [-4.4, 31.9, -4.2],
							"size": [9, 0.4, 8.2],
							"uv": {
								"north": {"uv": [60, 18], "uv_size": [9, 1]},
								"east": {"uv": [61, 58], "uv_size": [8, 1]},
								"south": {"uv": [60, 19], "uv_size": [9, 1]},
								"west": {"uv": [61, 59], "uv_size": [8, 1]},
								"up": {"uv": [16, 0], "uv_size": [9, 8]},
								"down": {"uv": [18, 16], "uv_size": [9, -8]}
							}
						},
						{
							"origin": [-4.4, 23.7, -4.2],
							"size": [9, 0.4, 8.2],
							"uv": {
								"north": {"uv": [61, 39], "uv_size": [9, 1]},
								"east": {"uv": [62, 20], "uv_size": [8, 1]},
								"south": {"uv": [61, 40], "uv_size": [9, 1]},
								"west": {"uv": [62, 21], "uv_size": [8, 1]},
								"up": {"uv": [18, 16], "uv_size": [9, 8]},
								"down": {"uv": [0, 29], "uv_size": [9, -8]}
							}
						},
						{
							"origin": [-4.2, 24, 3.7],
							"size": [8.4, 8.2, 0.3],
							"uv": {
								"north": {"uv": [9, 21], "uv_size": [8, 8]},
								"east": {"uv": [35, 24], "uv_size": [1, 8]},
								"south": {"uv": [17, 24], "uv_size": [8, 8]},
								"west": {"uv": [41, 59], "uv_size": [1, 8]},
								"up": {"uv": [61, 60], "uv_size": [8, 1]},
								"down": {"uv": [61, 62], "uv_size": [8, -1]}
							}
						}
					]
				},
				{
					"name": "Kalla",
					"parent": "Bosh",
					"pivot": [4, 28, 4],
					"cubes": [
						{
							"origin": [3.9, 24, -4.2],
							"size": [0.7, 8.2, 8.2],
							"uv": {
								"north": {"uv": [31, 62], "uv_size": [1, 8]},
								"east": {"uv": [27, 8], "uv_size": [8, 8]},
								"south": {"uv": [44, 62], "uv_size": [1, 8]},
								"west": {"uv": [27, 16], "uv_size": [8, 8]},
								"up": {"uv": [45, 62], "uv_size": [1, 8]},
								"down": {"uv": [46, 70], "uv_size": [1, -8]}
							}
						}
					]
				},
				{
					"name": "Kalla2",
					"parent": "Bosh",
					"pivot": [-4.3, 28, 4],
					"cubes": [
						{
							"origin": [-4.4, 24, -4.2],
							"size": [0.7, 8.2, 8.2],
							"uv": {
								"north": {"uv": [31, 62], "uv_size": [1, 8]},
								"east": {"uv": [27, 8], "uv_size": [8, 8]},
								"south": {"uv": [44, 62], "uv_size": [1, 8]},
								"west": {"uv": [27, 16], "uv_size": [8, 8]},
								"up": {"uv": [45, 62], "uv_size": [1, 8]},
								"down": {"uv": [46, 70], "uv_size": [1, -8]}
							}
						}
					]
				},
				{
					"name": "niqob",
					"parent": "Bosh",
					"pivot": [0, 32, -4],
					"cubes": [
						{
							"origin": [-4, 26.6, -4.4],
							"size": [8, 3.8, 0.3],
							"uv": {
								"north": {"uv": [49, 46], "uv_size": [8, 4]},
								"east": {"uv": [43, 20], "uv_size": [1, 4]},
								"south": {"uv": [4, 50], "uv_size": [8, 4]},
								"west": {"uv": [61, 62], "uv_size": [1, 4]},
								"up": {"uv": [61, 41], "uv_size": [8, 1]},
								"down": {"uv": [61, 43], "uv_size": [8, -1]}
							}
						},
						{
							"origin": [-4, 28.7, -4.5],
							"size": [8.2, 1.6, 0.5],
							"uv": {
								"north": {"uv": [57, 45], "uv_size": [8, 2]},
								"east": {"uv": [38, 64], "uv_size": [1, 2]},
								"south": {"uv": [57, 47], "uv_size": [8, 2]},
								"west": {"uv": [39, 64], "uv_size": [1, 2]},
								"up": {"uv": [61, 43], "uv_size": [8, 1]},
								"down": {"uv": [61, 45], "uv_size": [8, -1]}
							}
						},
						{
							"origin": [-3.6, 26.3, -4.5],
							"size": [7.2, 1.6, 0.5],
							"uv": {
								"north": {"uv": [32, 59], "uv_size": [7, 2]},
								"east": {"uv": [40, 64], "uv_size": [1, 2]},
								"south": {"uv": [59, 49], "uv_size": [7, 2]},
								"west": {"uv": [62, 64], "uv_size": [1, 2]},
								"up": {"uv": [62, 22], "uv_size": [7, 1]},
								"down": {"uv": [62, 24], "uv_size": [7, -1]}
							}
						},
						{
							"origin": [-0.9, 27.9, -4.5],
							"size": [1.8, 0.8, 0.5],
							"uv": {
								"north": {"uv": [12, 53], "uv_size": [2, 1]},
								"east": {"uv": [48, 65], "uv_size": [1, 1]},
								"south": {"uv": [57, 49], "uv_size": [2, 1]},
								"west": {"uv": [65, 48], "uv_size": [1, 1]},
								"up": {"uv": [32, 58], "uv_size": [2, 1]},
								"down": {"uv": [63, 39], "uv_size": [2, -1]}
							}
						},
						{
							"origin": [1.1, 27.9, -4.5],
							"size": [0.5, 1.1, 0.5],
							"pivot": [0, 32, -4],
							"rotation": [0, 0, 7.5],
							"uv": {
								"north": {"uv": [49, 65], "uv_size": [1, 1]},
								"east": {"uv": [50, 65], "uv_size": [1, 1]},
								"south": {"uv": [65, 51], "uv_size": [1, 1]},
								"west": {"uv": [65, 52], "uv_size": [1, 1]},
								"up": {"uv": [65, 53], "uv_size": [1, 1]},
								"down": {"uv": [56, 66], "uv_size": [1, -1]}
							}
						},
						{
							"origin": [-1.5, 27.9, -4.5],
							"size": [0.5, 1.1, 0.5],
							"pivot": [0, 32, -4],
							"rotation": [0, 0, -7.5],
							"uv": {
								"north": {"uv": [57, 65], "uv_size": [1, 1]},
								"east": {"uv": [65, 57], "uv_size": [1, 1]},
								"south": {"uv": [58, 65], "uv_size": [1, 1]},
								"west": {"uv": [59, 65], "uv_size": [1, 1]},
								"up": {"uv": [63, 65], "uv_size": [1, 1]},
								"down": {"uv": [64, 66], "uv_size": [1, -1]}
							}
						},
						{
							"origin": [3.2, 27.5, -4.5],
							"size": [0.8, 1.4, 0.5],
							"pivot": [3.1, 27.3, 0],
							"rotation": [0, 0, 7],
							"uv": {
								"north": {"uv": [65, 64], "uv_size": [1, 1]},
								"east": {"uv": [65, 65], "uv_size": [1, 1]},
								"south": {"uv": [0, 66], "uv_size": [1, 1]},
								"west": {"uv": [1, 66], "uv_size": [1, 1]},
								"up": {"uv": [2, 66], "uv_size": [1, 1]},
								"down": {"uv": [3, 67], "uv_size": [1, -1]}
							}
						},
						{
							"origin": [-3.8, 27.5, -4.5],
							"size": [0.8, 1.4, 0.5],
							"pivot": [-3.1, 27.1, 0],
							"rotation": [0, 0, -8],
							"uv": {
								"north": {"uv": [4, 66], "uv_size": [1, 1]},
								"east": {"uv": [5, 66], "uv_size": [1, 1]},
								"south": {"uv": [66, 6], "uv_size": [1, 1]},
								"west": {"uv": [66, 7], "uv_size": [1, 1]},
								"up": {"uv": [66, 9], "uv_size": [1, 1]},
								"down": {"uv": [66, 11], "uv_size": [1, -1]}
							}
						},
						{
							"origin": [-3.8, 30.3, -4.4],
							"size": [2.3, 1.6, 0.3],
							"uv": {
								"north": {"uv": [63, 53], "uv_size": [2, 1]},
								"east": {"uv": [66, 11], "uv_size": [1, 1]},
								"south": {"uv": [64, 17], "uv_size": [2, 1]},
								"west": {"uv": [12, 66], "uv_size": [1, 1]},
								"up": {"uv": [64, 62], "uv_size": [2, 1]},
								"down": {"uv": [63, 65], "uv_size": [2, -1]}
							}
						},
						{
							"origin": [1.8, 30.3, -4.4],
							"size": [2.2, 1.6, 0.3],
							"uv": {
								"north": {"uv": [64, 63], "uv_size": [2, 1]},
								"east": {"uv": [66, 12], "uv_size": [1, 1]},
								"south": {"uv": [65, 0], "uv_size": [2, 1]},
								"west": {"uv": [13, 66], "uv_size": [1, 1]},
								"up": {"uv": [65, 1], "uv_size": [2, 1]},
								"down": {"uv": [65, 3], "uv_size": [2, -1]}
							}
						},
						{
							"origin": [-1.6, 24, -4.4],
							"size": [3.1, 2.8, 0.3],
							"uv": {
								"north": {"uv": [61, 9], "uv_size": [3, 3]},
								"east": {"uv": [17, 21], "uv_size": [1, 3]},
								"south": {"uv": [36, 61], "uv_size": [3, 3]},
								"west": {"uv": [16, 29], "uv_size": [1, 3]},
								"up": {"uv": [58, 24], "uv_size": [3, 1]},
								"down": {"uv": [62, 58], "uv_size": [3, -1]}
							}
						},
						{
							"origin": [2, 24.5, -4.4],
							"size": [2, 2.8, 0.3],
							"pivot": [0, 32, -4],
							"rotation": [0, 0, 10],
							"uv": {
								"north": {"uv": [14, 41], "uv_size": [2, 3]},
								"east": {"uv": [47, 17], "uv_size": [1, 3]},
								"south": {"uv": [12, 50], "uv_size": [2, 3]},
								"west": {"uv": [53, 55], "uv_size": [1, 3]},
								"up": {"uv": [65, 3], "uv_size": [2, 1]},
								"down": {"uv": [4, 66], "uv_size": [2, -1]}
							}
						},
						{
							"origin": [-3.8, 24.5, -4.4],
							"size": [2, 2.8, 0.3],
							"pivot": [0, 32, -4],
							"rotation": [0, 0, -10],
							"uv": {
								"north": {"uv": [47, 62], "uv_size": [2, 3]},
								"east": {"uv": [57, 12], "uv_size": [1, 3]},
								"south": {"uv": [49, 62], "uv_size": [2, 3]},
								"west": {"uv": [60, 63], "uv_size": [1, 3]},
								"up": {"uv": [65, 4], "uv_size": [2, 1]},
								"down": {"uv": [65, 6], "uv_size": [2, -1]}
							}
						},
						{
							"origin": [-2.4, 30.5, -4.4],
							"size": [1.1, 1.6, 0.3],
							"pivot": [-0.6, 32, -4],
							"rotation": [0, 0, -10],
							"uv": {
								"north": {"uv": [6, 65], "uv_size": [1, 2]},
								"east": {"uv": [65, 6], "uv_size": [1, 2]},
								"south": {"uv": [7, 65], "uv_size": [1, 2]},
								"west": {"uv": [8, 65], "uv_size": [1, 2]},
								"up": {"uv": [66, 13], "uv_size": [1, 1]},
								"down": {"uv": [14, 67], "uv_size": [1, -1]}
							}
						},
						{
							"origin": [1.5, 30.5, -4.4],
							"size": [1.1, 1.6, 0.3],
							"pivot": [0.9, 32, -4],
							"rotation": [0, 0, 10],
							"uv": {
								"north": {"uv": [9, 65], "uv_size": [1, 2]},
								"east": {"uv": [10, 65], "uv_size": [1, 2]},
								"south": {"uv": [11, 65], "uv_size": [1, 2]},
								"west": {"uv": [18, 65], "uv_size": [1, 2]},
								"up": {"uv": [66, 14], "uv_size": [1, 1]},
								"down": {"uv": [15, 67], "uv_size": [1, -1]}
							}
						}
					]
				},
				{
					"name": "RightArm",
					"parent": "body2",
					"pivot": [-5, 22, 0]
				},
				{
					"name": "RightArm2",
					"parent": "RightArm",
					"pivot": [-5, 22, 0],
					"cubes": [
						{
							"origin": [-8, 12, -2],
							"size": [4, 12, 4],
							"inflate": 0.15,
							"uv": {
								"north": {"uv": [35, 12], "uv_size": [4, 12]},
								"east": {"uv": [36, 24], "uv_size": [4, 12]},
								"south": {"uv": [36, 36], "uv_size": [4, 12]},
								"west": {"uv": [39, 0], "uv_size": [4, 12]},
								"up": {"uv": [58, 20], "uv_size": [4, 4]},
								"down": {"uv": [28, 62], "uv_size": [4, -4]}
							}
						},
						{
							"origin": [-8, 21, -2],
							"size": [4.3, 3, 4],
							"inflate": 0.45,
							"pivot": [-3.1, 23.8, 0],
							"rotation": [0, 0, 3],
							"uv": {
								"north": {"uv": [53, 35], "uv_size": [4, 3]},
								"east": {"uv": [48, 59], "uv_size": [4, 3]},
								"south": {"uv": [59, 51], "uv_size": [4, 3]},
								"west": {"uv": [60, 12], "uv_size": [4, 3]},
								"up": {"uv": [44, 58], "uv_size": [4, 4]},
								"down": {"uv": [53, 62], "uv_size": [4, -4]}
							}
						},
						{
							"origin": [-8, 21, -2.2],
							"size": [4.3, 3, 4.4],
							"inflate": 0.45,
							"pivot": [-3.1, 23.8, 0],
							"rotation": [0, 0, 24],
							"uv": {
								"north": {"uv": [53, 35], "uv_size": [4, 3]},
								"east": {"uv": [48, 59], "uv_size": [4, 3]},
								"south": {"uv": [59, 51], "uv_size": [4, 3]},
								"west": {"uv": [60, 12], "uv_size": [4, 3]},
								"up": {"uv": [44, 58], "uv_size": [4, 4]},
								"down": {"uv": [53, 62], "uv_size": [4, -4]}
							}
						},
						{
							"origin": [-8.9, 11.6, -2.4],
							"size": [5.3, 6, 4.7],
							"uv": {
								"north": {"uv": [44, 40], "uv_size": [5, 7]},
								"east": {"uv": [47, 10], "uv_size": [5, 7]},
								"south": {"uv": [44, 47], "uv_size": [5, 7]},
								"west": {"uv": [48, 17], "uv_size": [5, 7]},
								"up": {"uv": [52, 5], "uv_size": [5, 5]},
								"down": {"uv": [52, 15], "uv_size": [5, -5]}
							}
						},
						{
							"origin": [-8.6, 16.9, -2.2],
							"size": [4.1, 2.2, 4.3],
							"uv": {
								"north": {"uv": [44, 40], "uv_size": [5, 7]},
								"east": {"uv": [47, 10], "uv_size": [5, 7]},
								"south": {"uv": [44, 47], "uv_size": [5, 7]},
								"west": {"uv": [48, 17], "uv_size": [5, 7]},
								"up": {"uv": [52, 5], "uv_size": [5, 5]},
								"down": {"uv": [52, 15], "uv_size": [5, -5]}
							}
						}
					]
				},
				{
					"name": "LeftArm",
					"parent": "body2",
					"pivot": [5, 22, 0]
				},
				{
					"name": "LeftArm2",
					"parent": "LeftArm",
					"pivot": [5, 22, 0],
					"cubes": [
						{
							"origin": [4, 12, -2],
							"size": [4, 12, 4],
							"inflate": 0.15,
							"uv": {
								"north": {"uv": [39, 12], "uv_size": [4, 12]},
								"east": {"uv": [40, 24], "uv_size": [4, 12]},
								"south": {"uv": [40, 36], "uv_size": [4, 12]},
								"west": {"uv": [0, 41], "uv_size": [4, 12]},
								"up": {"uv": [58, 54], "uv_size": [4, 4]},
								"down": {"uv": [57, 62], "uv_size": [4, -4]}
							}
						},
						{
							"origin": [3.7, 11.6, -2.4],
							"size": [5.2, 6, 4.7],
							"uv": {
								"north": {"uv": [48, 24], "uv_size": [5, 7]},
								"east": {"uv": [48, 31], "uv_size": [5, 7]},
								"south": {"uv": [34, 48], "uv_size": [5, 7]},
								"west": {"uv": [39, 48], "uv_size": [5, 7]},
								"up": {"uv": [53, 15], "uv_size": [5, 5]},
								"down": {"uv": [53, 25], "uv_size": [5, -5]}
							}
						},
						{
							"origin": [4.8, 16.9, -2.2],
							"size": [3, 2.2, 4.3],
							"uv": {
								"north": {"uv": [48, 24], "uv_size": [5, 7]},
								"east": {"uv": [48, 31], "uv_size": [5, 7]},
								"south": {"uv": [34, 48], "uv_size": [5, 7]},
								"west": {"uv": [39, 48], "uv_size": [5, 7]},
								"up": {"uv": [53, 15], "uv_size": [5, 5]},
								"down": {"uv": [53, 25], "uv_size": [5, -5]}
							}
						},
						{
							"origin": [5.5, 16.9, -2.3],
							"size": [3, 2.2, 4.7],
							"uv": {
								"north": {"uv": [48, 24], "uv_size": [5, 7]},
								"east": {"uv": [48, 31], "uv_size": [5, 7]},
								"south": {"uv": [34, 48], "uv_size": [5, 7]},
								"west": {"uv": [39, 48], "uv_size": [5, 7]},
								"up": {"uv": [53, 15], "uv_size": [5, 5]},
								"down": {"uv": [53, 25], "uv_size": [5, -5]}
							}
						},
						{
							"origin": [3.7, 20.9, -2.4],
							"size": [5, 3.5, 4.7],
							"pivot": [3.2, 24.1, 0],
							"rotation": [0, 0, -3],
							"uv": {
								"north": {"uv": [48, 24], "uv_size": [5, 7]},
								"east": {"uv": [48, 31], "uv_size": [5, 7]},
								"south": {"uv": [34, 48], "uv_size": [5, 7]},
								"west": {"uv": [39, 48], "uv_size": [5, 7]},
								"up": {"uv": [53, 15], "uv_size": [5, 5]},
								"down": {"uv": [53, 25], "uv_size": [5, -5]}
							}
						},
						{
							"origin": [3.7, 20.9, -2.3],
							"size": [5, 3.5, 4.5],
							"pivot": [3.2, 24.1, 0],
							"rotation": [0, 0, -22],
							"uv": {
								"north": {"uv": [48, 24], "uv_size": [5, 7]},
								"east": {"uv": [48, 31], "uv_size": [5, 7]},
								"south": {"uv": [34, 48], "uv_size": [5, 7]},
								"west": {"uv": [39, 48], "uv_size": [5, 7]},
								"up": {"uv": [53, 15], "uv_size": [5, 5]},
								"down": {"uv": [53, 25], "uv_size": [5, -5]}
							}
						}
					]
				}
			]
		}
	]
}