{
	"format_version": "1.12.0",
	"minecraft:geometry": [
		{
			"description": {
				"identifier": "geometry.mc_mark10",
				"texture_width": 128,
				"texture_height": 128,
				"visible_bounds_width": 3,
				"visible_bounds_height": 3.5,
				"visible_bounds_offset": [0, 1.25, 0]
			},
			"bones": [
				{
					"name": "root",
					"pivot": [0, 0, 0]
				},
				{
					"name": "RightLeg",
					"parent": "root",
					"pivot": [-1.9, 12, 0],
					"cubes": [
						{
							"origin": [-3.9, 0, -2],
							"size": [4, 12, 4],
							"inflate": 0.15,
							"uv": {
								"north": {"uv": [24, 16], "uv_size": [4, 12]},
								"east": {"uv": [0, 28], "uv_size": [4, 12]},
								"south": {"uv": [4, 28], "uv_size": [4, 12]},
								"west": {"uv": [8, 28], "uv_size": [4, 12]},
								"up": {"uv": [53, 29], "uv_size": [4, 4]},
								"down": {"uv": [53, 53], "uv_size": [4, -4]}
							}
						},
						{
							"origin": [-4.1, -0.1, -2.2],
							"size": [4.4, 5.4, 4.5],
							"inflate": 0.15,
							"uv": {
								"north": {"uv": [49, 8], "uv_size": [4, 5]},
								"east": {"uv": [15, 49], "uv_size": [4, 5]},
								"south": {"uv": [45, 49], "uv_size": [4, 5]},
								"west": {"uv": [49, 49], "uv_size": [4, 5]},
								"up": {"uv": [55, 37], "uv_size": [4, 4]},
								"down": {"uv": [55, 45], "uv_size": [4, -4]}
							}
						},
						{
							"origin": [-4.3, 0, -2.1],
							"size": [4.8, 1.1, 4.3],
							"inflate": 0.15,
							"uv": {
								"north": {"uv": [49, 8], "uv_size": [4, 5]},
								"east": {"uv": [15, 49], "uv_size": [4, 5]},
								"south": {"uv": [45, 49], "uv_size": [4, 5]},
								"west": {"uv": [49, 49], "uv_size": [4, 5]},
								"up": {"uv": [55, 37], "uv_size": [4, 4]},
								"down": {"uv": [55, 45], "uv_size": [4, -4]}
							}
						},
						{
							"origin": [-4.2, 6.5, -2.2],
							"size": [1.7, 5.3, 4.3],
							"uv": {
								"north": {"uv": [37, 57], "uv_size": [2, 5]},
								"east": {"uv": [51, 44], "uv_size": [4, 5]},
								"south": {"uv": [57, 49], "uv_size": [2, 5]},
								"west": {"uv": [27, 52], "uv_size": [4, 5]},
								"up": {"uv": [59, 36], "uv_size": [2, 4]},
								"down": {"uv": [59, 44], "uv_size": [2, -4]}
							}
						},
						{
							"origin": [-3.5, 5.7, -2.1],
							"size": [3.3, 4.3, 4.2],
							"inflate": 0.15,
							"uv": {
								"north": {"uv": [23, 51], "uv_size": [4, 5]},
								"east": {"uv": [33, 57], "uv_size": [2, 5]},
								"south": {"uv": [51, 34], "uv_size": [4, 5]},
								"west": {"uv": [35, 57], "uv_size": [2, 5]},
								"up": {"uv": [59, 32], "uv_size": [4, 2]},
								"down": {"uv": [59, 36], "uv_size": [4, -2]}
							}
						},
						{
							"origin": [-2.6, 10.1, -2.1],
							"size": [1.5, 1, 4.2],
							"inflate": 0.15,
							"uv": {
								"north": {"uv": [62, 55], "uv_size": [2, 1]},
								"east": {"uv": [62, 56], "uv_size": [2, 1]},
								"south": {"uv": [62, 57], "uv_size": [2, 1]},
								"west": {"uv": [62, 58], "uv_size": [2, 1]},
								"up": {"uv": [43, 61], "uv_size": [2, 2]},
								"down": {"uv": [45, 63], "uv_size": [2, -2]}
							}
						},
						{
							"origin": [-2.9, 5.4, -2.2],
							"size": [2, 1.6, 4.5],
							"inflate": 0.15,
							"uv": {
								"north": {"uv": [10, 61], "uv_size": [2, 2]},
								"east": {"uv": [39, 58], "uv_size": [4, 2]},
								"south": {"uv": [61, 37], "uv_size": [2, 2]},
								"west": {"uv": [43, 58], "uv_size": [4, 2]},
								"up": {"uv": [22, 58], "uv_size": [2, 4]},
								"down": {"uv": [47, 62], "uv_size": [2, -4]}
							}
						}
					]
				},
				{
					"name": "LeftLeg",
					"parent": "root",
					"pivot": [1.9, 12, 0],
					"cubes": [
						{
							"origin": [-0.1, 0, -2],
							"size": [4, 12, 4],
							"inflate": 0.15,
							"uv": {
								"north": {"uv": [12, 28], "uv_size": [4, 12]},
								"east": {"uv": [28, 16], "uv_size": [4, 12]},
								"south": {"uv": [24, 28], "uv_size": [4, 12]},
								"west": {"uv": [28, 28], "uv_size": [4, 12]},
								"up": {"uv": [53, 53], "uv_size": [4, 4]},
								"down": {"uv": [54, 4], "uv_size": [4, -4]}
							}
						},
						{
							"origin": [-0.3, -0.1, -2.2],
							"size": [4.4, 5.4, 4.5],
							"inflate": 0.15,
							"uv": {
								"north": {"uv": [0, 50], "uv_size": [4, 5]},
								"east": {"uv": [50, 19], "uv_size": [4, 5]},
								"south": {"uv": [4, 51], "uv_size": [4, 5]},
								"west": {"uv": [8, 51], "uv_size": [4, 5]},
								"up": {"uv": [55, 45], "uv_size": [4, 4]},
								"down": {"uv": [4, 60], "uv_size": [4, -4]}
							}
						},
						{
							"origin": [-0.5, 0, -2.1],
							"size": [4.8, 1.1, 4.3],
							"inflate": 0.15,
							"uv": {
								"north": {"uv": [0, 50], "uv_size": [4, 5]},
								"east": {"uv": [50, 19], "uv_size": [4, 5]},
								"south": {"uv": [4, 51], "uv_size": [4, 5]},
								"west": {"uv": [8, 51], "uv_size": [4, 5]},
								"up": {"uv": [55, 45], "uv_size": [4, 4]},
								"down": {"uv": [4, 60], "uv_size": [4, -4]}
							}
						},
						{
							"origin": [2.8, 6.5, -2.2],
							"size": [1.4, 5.3, 4.3],
							"uv": {
								"north": {"uv": [59, 60], "uv_size": [1, 5]},
								"east": {"uv": [51, 39], "uv_size": [4, 5]},
								"south": {"uv": [0, 61], "uv_size": [1, 5]},
								"west": {"uv": [40, 51], "uv_size": [4, 5]},
								"up": {"uv": [3, 61], "uv_size": [1, 4]},
								"down": {"uv": [61, 62], "uv_size": [1, -4]}
							}
						},
						{
							"origin": [0.3, 5.7, -2.1],
							"size": [3.3, 4.3, 4.2],
							"inflate": 0.15,
							"uv": {
								"north": {"uv": [51, 13], "uv_size": [4, 5]},
								"east": {"uv": [10, 56], "uv_size": [2, 5]},
								"south": {"uv": [19, 51], "uv_size": [4, 5]},
								"west": {"uv": [31, 57], "uv_size": [2, 5]},
								"up": {"uv": [59, 15], "uv_size": [4, 2]},
								"down": {"uv": [26, 61], "uv_size": [4, -2]}
							}
						},
						{
							"origin": [1.2, 10.1, -2.1],
							"size": [1.5, 1, 4.2],
							"inflate": 0.15,
							"uv": {
								"north": {"uv": [47, 62], "uv_size": [2, 1]},
								"east": {"uv": [49, 62], "uv_size": [2, 1]},
								"south": {"uv": [52, 62], "uv_size": [2, 1]},
								"west": {"uv": [54, 62], "uv_size": [2, 1]},
								"up": {"uv": [41, 61], "uv_size": [2, 2]},
								"down": {"uv": [61, 43], "uv_size": [2, -2]}
							}
						},
						{
							"origin": [0.9, 5.4, -2.2],
							"size": [2, 1.6, 4.5],
							"inflate": 0.15,
							"uv": {
								"north": {"uv": [39, 61], "uv_size": [2, 2]},
								"east": {"uv": [0, 59], "uv_size": [4, 2]},
								"south": {"uv": [61, 39], "uv_size": [2, 2]},
								"west": {"uv": [59, 13], "uv_size": [4, 2]},
								"up": {"uv": [49, 58], "uv_size": [2, 4]},
								"down": {"uv": [24, 63], "uv_size": [2, -4]}
							}
						}
					]
				},
				{
					"name": "waist",
					"parent": "root",
					"pivot": [0, 0, 0]
				},
				{
					"name": "Body",
					"parent": "waist",
					"pivot": [0, 24, 0],
					"cubes": [
						{
							"origin": [-4, 12, -2],
							"size": [8, 12, 4],
							"inflate": 0.15,
							"uv": {
								"north": {"uv": [0, 0], "uv_size": [8, 12]},
								"east": {"uv": [32, 0], "uv_size": [4, 12]},
								"south": {"uv": [8, 0], "uv_size": [8, 12]},
								"west": {"uv": [32, 12], "uv_size": [4, 12]},
								"up": {"uv": [40, 29], "uv_size": [8, 4]},
								"down": {"uv": [40, 37], "uv_size": [8, -4]}
							}
						},
						{
							"origin": [-0.492, 21.238, -2.556],
							"size": [0.738, 2.296, 1.64],
							"uv": {
								"north": {"uv": [29, 45], "uv_size": [2, 2]},
								"east": {"uv": [49, 13], "uv_size": [2, 2]},
								"south": {"uv": [50, 24], "uv_size": [2, 2]},
								"west": {"uv": [16, 54], "uv_size": [2, 2]},
								"up": {"uv": [1, 61], "uv_size": [2, 2]},
								"down": {"uv": [8, 63], "uv_size": [2, -2]}
							}
						},
						{
							"origin": [-1.558, 22.386, -2.556],
							"size": [2.952, 0.984, 1.64],
							"uv": {
								"north": {"uv": [29, 45], "uv_size": [2, 2]},
								"east": {"uv": [49, 13], "uv_size": [2, 2]},
								"south": {"uv": [50, 24], "uv_size": [2, 2]},
								"west": {"uv": [16, 54], "uv_size": [2, 2]},
								"up": {"uv": [1, 61], "uv_size": [2, 2]},
								"down": {"uv": [8, 63], "uv_size": [2, -2]}
							}
						},
						{
							"origin": [-1.23, 21.566, -2.556],
							"size": [1.64, 1.64, 1.64],
							"pivot": [-0.41, 22.386, -1.736],
							"rotation": [0, 0, -42.5],
							"uv": {
								"north": {"uv": [29, 45], "uv_size": [2, 2]},
								"east": {"uv": [49, 13], "uv_size": [2, 2]},
								"south": {"uv": [50, 24], "uv_size": [2, 2]},
								"west": {"uv": [16, 54], "uv_size": [2, 2]},
								"up": {"uv": [1, 61], "uv_size": [2, 2]},
								"down": {"uv": [8, 63], "uv_size": [2, -2]}
							}
						},
						{
							"origin": [-0.574, 21.566, -2.556],
							"size": [1.64, 1.64, 1.64],
							"pivot": [0.246, 22.386, -1.736],
							"rotation": [0, 0, -42.5],
							"uv": {
								"north": {"uv": [29, 45], "uv_size": [2, 2]},
								"east": {"uv": [49, 13], "uv_size": [2, 2]},
								"south": {"uv": [50, 24], "uv_size": [2, 2]},
								"west": {"uv": [16, 54], "uv_size": [2, 2]},
								"up": {"uv": [1, 61], "uv_size": [2, 2]},
								"down": {"uv": [8, 63], "uv_size": [2, -2]}
							}
						},
						{
							"origin": [-4.7, 18.6, -2],
							"size": [9.4, 5.4, 3.9],
							"uv": {
								"north": {"uv": [0, 40], "uv_size": [9, 5]},
								"east": {"uv": [15, 44], "uv_size": [5, 5]},
								"south": {"uv": [40, 0], "uv_size": [9, 5]},
								"west": {"uv": [0, 45], "uv_size": [5, 5]},
								"up": {"uv": [40, 5], "uv_size": [9, 5]},
								"down": {"uv": [40, 15], "uv_size": [9, -5]}
							}
						},
						{
							"origin": [-4.3, 19, -2.4],
							"size": [4.3, 5, 2.1],
							"pivot": [-2.15, 21.3, -1.3],
							"rotation": [0, 0, 8],
							"uv": {
								"north": {"uv": [31, 52], "uv_size": [4, 5]},
								"east": {"uv": [52, 57], "uv_size": [2, 5]},
								"south": {"uv": [35, 52], "uv_size": [4, 5]},
								"west": {"uv": [54, 57], "uv_size": [2, 5]},
								"up": {"uv": [59, 44], "uv_size": [4, 2]},
								"down": {"uv": [59, 48], "uv_size": [4, -2]}
							}
						},
						{
							"origin": [-0.1, 18.5, -2.4],
							"size": [4.3, 5, 2.1],
							"pivot": [-2.15, 21.3, -1.3],
							"rotation": [0, 0, -8],
							"uv": {
								"north": {"uv": [53, 8], "uv_size": [4, 5]},
								"east": {"uv": [57, 54], "uv_size": [2, 5]},
								"south": {"uv": [53, 24], "uv_size": [4, 5]},
								"west": {"uv": [58, 0], "uv_size": [2, 5]},
								"up": {"uv": [59, 48], "uv_size": [4, 2]},
								"down": {"uv": [59, 52], "uv_size": [4, -2]}
							}
						},
						{
							"origin": [-2.7, 13.3, -2.4],
							"size": [5.4, 4.4, 4.6],
							"uv": {
								"north": {"uv": [9, 40], "uv_size": [6, 7]},
								"east": {"uv": [40, 22], "uv_size": [5, 7]},
								"south": {"uv": [40, 15], "uv_size": [6, 7]},
								"west": {"uv": [24, 40], "uv_size": [5, 7]},
								"up": {"uv": [40, 37], "uv_size": [6, 5]},
								"down": {"uv": [40, 47], "uv_size": [6, -5]}
							}
						},
						{
							"origin": [-3.2, 17.2, -2.4],
							"size": [6.4, 2.1, 4.6],
							"uv": {
								"north": {"uv": [9, 40], "uv_size": [6, 7]},
								"east": {"uv": [40, 22], "uv_size": [5, 7]},
								"south": {"uv": [40, 15], "uv_size": [6, 7]},
								"west": {"uv": [24, 40], "uv_size": [5, 7]},
								"up": {"uv": [40, 37], "uv_size": [6, 5]},
								"down": {"uv": [40, 47], "uv_size": [6, -5]}
							}
						}
					]
				},
				{
					"name": "Head",
					"parent": "Body",
					"pivot": [0, 24, 0],
					"cubes": [
						{
							"origin": [3.7, 24, -4],
							"size": [0.5, 8, 8],
							"uv": {
								"north": {"uv": [58, 59], "uv_size": [1, 8]},
								"east": {"uv": [16, 16], "uv_size": [8, 8]},
								"south": {"uv": [4, 60], "uv_size": [1, 8]},
								"west": {"uv": [0, 20], "uv_size": [8, 8]},
								"up": {"uv": [5, 60], "uv_size": [1, 8]},
								"down": {"uv": [6, 68], "uv_size": [1, -8]}
							}
						},
						{
							"origin": [-4.2, 24, -4],
							"size": [0.5, 8, 8],
							"uv": {
								"north": {"uv": [51, 58], "uv_size": [1, 8]},
								"east": {"uv": [16, 0], "uv_size": [8, 8]},
								"south": {"uv": [30, 59], "uv_size": [1, 8]},
								"west": {"uv": [16, 8], "uv_size": [8, 8]},
								"up": {"uv": [59, 52], "uv_size": [1, 8]},
								"down": {"uv": [57, 67], "uv_size": [1, -8]}
							}
						},
						{
							"origin": [-4, 24.6, -4.1],
							"size": [0.7, 2.1, 1.1],
							"inflate": 0.15,
							"uv": {
								"north": {"uv": [52, 54], "uv_size": [1, 2]},
								"east": {"uv": [29, 62], "uv_size": [1, 2]},
								"south": {"uv": [62, 59], "uv_size": [1, 2]},
								"west": {"uv": [61, 62], "uv_size": [1, 2]},
								"up": {"uv": [14, 53], "uv_size": [1, 1]},
								"down": {"uv": [44, 54], "uv_size": [1, -1]}
							}
						},
						{
							"origin": [-1.4, 24.1, -4.2],
							"size": [2.9, 0.9, 1],
							"inflate": 0.15,
							"uv": {
								"north": {"uv": [62, 22], "uv_size": [3, 1]},
								"east": {"uv": [37, 63], "uv_size": [1, 1]},
								"south": {"uv": [62, 23], "uv_size": [3, 1]},
								"west": {"uv": [63, 37], "uv_size": [1, 1]},
								"up": {"uv": [26, 62], "uv_size": [3, 1]},
								"down": {"uv": [62, 27], "uv_size": [3, -1]}
							}
						},
						{
							"origin": [3.2, 24.6, -4.1],
							"size": [0.8, 2.1, 1.1],
							"inflate": 0.15,
							"uv": {
								"north": {"uv": [62, 61], "uv_size": [1, 2]},
								"east": {"uv": [1, 63], "uv_size": [1, 2]},
								"south": {"uv": [2, 63], "uv_size": [1, 2]},
								"west": {"uv": [8, 63], "uv_size": [1, 2]},
								"up": {"uv": [52, 56], "uv_size": [1, 1]},
								"down": {"uv": [36, 64], "uv_size": [1, -1]}
							}
						},
						{
							"origin": [2.5, 24.6, -4.1],
							"size": [0.8, 1, 1.1],
							"inflate": 0.15,
							"uv": {
								"north": {"uv": [39, 63], "uv_size": [1, 1]},
								"east": {"uv": [63, 39], "uv_size": [1, 1]},
								"south": {"uv": [40, 63], "uv_size": [1, 1]},
								"west": {"uv": [63, 40], "uv_size": [1, 1]},
								"up": {"uv": [41, 63], "uv_size": [1, 1]},
								"down": {"uv": [63, 42], "uv_size": [1, -1]}
							}
						},
						{
							"origin": [-3.4, 24.6, -4.1],
							"size": [0.8, 1, 1.1],
							"inflate": 0.15,
							"uv": {
								"north": {"uv": [42, 63], "uv_size": [1, 1]},
								"east": {"uv": [63, 42], "uv_size": [1, 1]},
								"south": {"uv": [43, 63], "uv_size": [1, 1]},
								"west": {"uv": [44, 63], "uv_size": [1, 1]},
								"up": {"uv": [63, 44], "uv_size": [1, 1]},
								"down": {"uv": [45, 64], "uv_size": [1, -1]}
							}
						},
						{
							"origin": [3.1, 29.9, -4],
							"size": [0.9, 2.1, 1],
							"inflate": 0.15,
							"uv": {
								"north": {"uv": [14, 51], "uv_size": [1, 2]},
								"east": {"uv": [44, 51], "uv_size": [1, 2]},
								"south": {"uv": [52, 24], "uv_size": [1, 2]},
								"west": {"uv": [18, 54], "uv_size": [1, 2]},
								"up": {"uv": [4, 50], "uv_size": [1, 1]},
								"down": {"uv": [50, 37], "uv_size": [1, -1]}
							}
						},
						{
							"origin": [-1, 29.9, -4],
							"size": [2.1, 2.1, 1],
							"inflate": 0.15,
							"uv": {
								"north": {"uv": [62, 5], "uv_size": [2, 2]},
								"east": {"uv": [9, 63], "uv_size": [1, 2]},
								"south": {"uv": [12, 62], "uv_size": [2, 2]},
								"west": {"uv": [10, 63], "uv_size": [1, 2]},
								"up": {"uv": [63, 13], "uv_size": [2, 1]},
								"down": {"uv": [63, 15], "uv_size": [2, -1]}
							}
						},
						{
							"origin": [-4, 29.9, -4],
							"size": [1.1, 2.1, 1],
							"inflate": 0.15,
							"uv": {
								"north": {"uv": [47, 26], "uv_size": [1, 2]},
								"east": {"uv": [45, 47], "uv_size": [1, 2]},
								"south": {"uv": [19, 49], "uv_size": [1, 2]},
								"west": {"uv": [50, 34], "uv_size": [1, 2]},
								"up": {"uv": [47, 28], "uv_size": [1, 1]},
								"down": {"uv": [30, 48], "uv_size": [1, -1]}
							}
						},
						{
							"origin": [-4, 24.1, -4.1],
							"size": [8, 0.5, 8.1],
							"inflate": 0.15,
							"uv": {
								"north": {"uv": [60, 3], "uv_size": [8, 1]},
								"east": {"uv": [60, 4], "uv_size": [8, 1]},
								"south": {"uv": [60, 18], "uv_size": [8, 1]},
								"west": {"uv": [60, 19], "uv_size": [8, 1]},
								"up": {"uv": [24, 8], "uv_size": [8, 8]},
								"down": {"uv": [16, 32], "uv_size": [8, -8]}
							}
						},
						{
							"origin": [-4, 31, -4],
							"size": [8, 1, 8],
							"inflate": 0.15,
							"uv": {
								"north": {"uv": [58, 7], "uv_size": [8, 1]},
								"east": {"uv": [60, 0], "uv_size": [8, 1]},
								"south": {"uv": [60, 1], "uv_size": [8, 1]},
								"west": {"uv": [60, 2], "uv_size": [8, 1]},
								"up": {"uv": [8, 20], "uv_size": [8, 8]},
								"down": {"uv": [24, 8], "uv_size": [8, -8]}
							}
						},
						{
							"origin": [-3.6, 31.2, -2],
							"size": [7.2, 1, 5.6],
							"inflate": 0.15,
							"uv": {
								"north": {"uv": [58, 7], "uv_size": [8, 1]},
								"east": {"uv": [60, 0], "uv_size": [8, 1]},
								"south": {"uv": [60, 1], "uv_size": [8, 1]},
								"west": {"uv": [60, 2], "uv_size": [8, 1]},
								"up": {"uv": [8, 20], "uv_size": [8, 8]},
								"down": {"uv": [24, 8], "uv_size": [8, -8]}
							}
						},
						{
							"origin": [-4, 24, 3],
							"size": [8, 8, 1],
							"inflate": 0.15,
							"uv": {
								"north": {"uv": [0, 12], "uv_size": [8, 8]},
								"east": {"uv": [31, 40], "uv_size": [1, 8]},
								"south": {"uv": [8, 12], "uv_size": [8, 8]},
								"west": {"uv": [56, 57], "uv_size": [1, 8]},
								"up": {"uv": [55, 17], "uv_size": [8, 1]},
								"down": {"uv": [57, 13], "uv_size": [8, -1]}
							}
						},
						{
							"origin": [1.2, 30.8, -3.1],
							"size": [1.7, 1.4, 7.1],
							"uv": {
								"north": {"uv": [18, 62], "uv_size": [2, 2]},
								"east": {"uv": [24, 63], "uv_size": [1, 2]},
								"south": {"uv": [20, 62], "uv_size": [2, 2]},
								"west": {"uv": [25, 63], "uv_size": [1, 2]},
								"up": {"uv": [26, 63], "uv_size": [2, 1]},
								"down": {"uv": [31, 64], "uv_size": [2, -1]}
							}
						},
						{
							"origin": [-2.8, 30.8, -3.1],
							"size": [1.7, 1.4, 7.1],
							"uv": {
								"north": {"uv": [18, 62], "uv_size": [2, 2]},
								"east": {"uv": [24, 63], "uv_size": [1, 2]},
								"south": {"uv": [20, 62], "uv_size": [2, 2]},
								"west": {"uv": [25, 63], "uv_size": [1, 2]},
								"up": {"uv": [26, 63], "uv_size": [2, 1]},
								"down": {"uv": [31, 64], "uv_size": [2, -1]}
							}
						}
					]
				},
				{
					"name": "niqob",
					"parent": "Head",
					"pivot": [0, 32, -4],
					"cubes": [
						{
							"origin": [-2.8, 29.8, -4.2],
							"size": [1.7, 2.4, 1.2],
							"uv": {
								"north": {"uv": [14, 62], "uv_size": [2, 2]},
								"east": {"uv": [11, 63], "uv_size": [1, 2]},
								"south": {"uv": [16, 62], "uv_size": [2, 2]},
								"west": {"uv": [63, 15], "uv_size": [1, 2]},
								"up": {"uv": [63, 17], "uv_size": [2, 1]},
								"down": {"uv": [22, 64], "uv_size": [2, -1]}
							}
						},
						{
							"origin": [-1.3, 29.2, -4.2],
							"size": [2.9, 1.2, 1.2],
							"uv": {
								"north": {"uv": [62, 27], "uv_size": [3, 1]},
								"east": {"uv": [38, 63], "uv_size": [1, 1]},
								"south": {"uv": [62, 28], "uv_size": [3, 1]},
								"west": {"uv": [63, 38], "uv_size": [1, 1]},
								"up": {"uv": [62, 29], "uv_size": [3, 1]},
								"down": {"uv": [62, 31], "uv_size": [3, -1]}
							}
						},
						{
							"origin": [1.2, 29.8, -4.2],
							"size": [1.7, 2.4, 1.2],
							"uv": {
								"north": {"uv": [18, 62], "uv_size": [2, 2]},
								"east": {"uv": [24, 63], "uv_size": [1, 2]},
								"south": {"uv": [20, 62], "uv_size": [2, 2]},
								"west": {"uv": [25, 63], "uv_size": [1, 2]},
								"up": {"uv": [26, 63], "uv_size": [2, 1]},
								"down": {"uv": [31, 64], "uv_size": [2, -1]}
							}
						},
						{
							"origin": [-4, 27.8, -4.2],
							"size": [8, 2.1, 1.2],
							"uv": {
								"north": {"uv": [54, 22], "uv_size": [8, 2]},
								"east": {"uv": [28, 63], "uv_size": [1, 2]},
								"south": {"uv": [16, 56], "uv_size": [8, 2]},
								"west": {"uv": [63, 32], "uv_size": [1, 2]},
								"up": {"uv": [60, 20], "uv_size": [8, 1]},
								"down": {"uv": [60, 22], "uv_size": [8, -1]}
							}
						},
						{
							"origin": [-4, 25.8, -4.2],
							"size": [8, 2.1, 1.2],
							"uv": {
								"north": {"uv": [57, 8], "uv_size": [8, 2]},
								"east": {"uv": [63, 34], "uv_size": [1, 2]},
								"south": {"uv": [57, 10], "uv_size": [8, 2]},
								"west": {"uv": [35, 63], "uv_size": [1, 2]},
								"up": {"uv": [39, 60], "uv_size": [8, 1]},
								"down": {"uv": [60, 53], "uv_size": [8, -1]}
							}
						},
						{
							"origin": [-3.3, 24.1, -4.2],
							"size": [6.6, 2.3, 1.2],
							"uv": {
								"north": {"uv": [24, 57], "uv_size": [7, 2]},
								"east": {"uv": [33, 63], "uv_size": [1, 2]},
								"south": {"uv": [57, 24], "uv_size": [7, 2]},
								"west": {"uv": [34, 63], "uv_size": [1, 2]},
								"up": {"uv": [60, 53], "uv_size": [7, 1]},
								"down": {"uv": [60, 55], "uv_size": [7, -1]}
							}
						}
					]
				},
				{
					"name": "RightArm",
					"parent": "Body",
					"pivot": [-5, 22, 0],
					"cubes": [
						{
							"origin": [-8, 12, -2],
							"size": [4, 12, 4],
							"inflate": 0.15,
							"uv": {
								"north": {"uv": [16, 32], "uv_size": [4, 12]},
								"east": {"uv": [20, 32], "uv_size": [4, 12]},
								"south": {"uv": [32, 24], "uv_size": [4, 12]},
								"west": {"uv": [36, 0], "uv_size": [4, 12]},
								"up": {"uv": [54, 4], "uv_size": [4, 4]},
								"down": {"uv": [12, 58], "uv_size": [4, -4]}
							}
						},
						{
							"origin": [-8.3, 11.9, -2.2],
							"size": [4.6, 4.9, 4.4],
							"inflate": 0.15,
							"uv": {
								"north": {"uv": [45, 22], "uv_size": [5, 4]},
								"east": {"uv": [48, 54], "uv_size": [4, 4]},
								"south": {"uv": [46, 15], "uv_size": [5, 4]},
								"west": {"uv": [0, 55], "uv_size": [4, 4]},
								"up": {"uv": [46, 37], "uv_size": [5, 4]},
								"down": {"uv": [46, 45], "uv_size": [5, -4]}
							}
						},
						{
							"origin": [-4.3, 15.8, -2.2],
							"size": [0.8, 7, 4.4],
							"inflate": 0.15,
							"uv": {
								"north": {"uv": [45, 22], "uv_size": [5, 4]},
								"east": {"uv": [48, 54], "uv_size": [4, 4]},
								"south": {"uv": [46, 15], "uv_size": [5, 4]},
								"west": {"uv": [0, 55], "uv_size": [4, 4]},
								"up": {"uv": [46, 37], "uv_size": [5, 4]},
								"down": {"uv": [46, 45], "uv_size": [5, -4]}
							}
						},
						{
							"origin": [-8.7, 11.4, -2.3],
							"size": [1.4, 4, 4.6],
							"uv": {
								"north": {"uv": [15, 40], "uv_size": [1, 4]},
								"east": {"uv": [48, 30], "uv_size": [5, 4]},
								"south": {"uv": [39, 52], "uv_size": [1, 4]},
								"west": {"uv": [35, 48], "uv_size": [5, 4]},
								"up": {"uv": [7, 60], "uv_size": [1, 5]},
								"down": {"uv": [60, 63], "uv_size": [1, -5]}
							}
						},
						{
							"origin": [-9, 21, -2.2],
							"size": [5.2, 3.4, 4.4],
							"inflate": 0.15,
							"pivot": [-4.2, 22.975, 0],
							"rotation": [0, 0, 8],
							"uv": {
								"north": {"uv": [39, 56], "uv_size": [5, 2]},
								"east": {"uv": [20, 44], "uv_size": [4, 2]},
								"south": {"uv": [57, 26], "uv_size": [5, 2]},
								"west": {"uv": [5, 45], "uv_size": [4, 2]},
								"up": {"uv": [25, 47], "uv_size": [5, 4]},
								"down": {"uv": [40, 51], "uv_size": [5, -4]}
							}
						},
						{
							"origin": [-8.3, 22.1, -1.7],
							"size": [3.9, 2.7, 3.4],
							"inflate": 0.15,
							"pivot": [-4.2, 22.975, 0],
							"rotation": [0, 0, 8],
							"uv": {
								"north": {"uv": [39, 56], "uv_size": [5, 2]},
								"east": {"uv": [20, 44], "uv_size": [4, 2]},
								"south": {"uv": [57, 26], "uv_size": [5, 2]},
								"west": {"uv": [5, 45], "uv_size": [4, 2]},
								"up": {"uv": [25, 47], "uv_size": [5, 4]},
								"down": {"uv": [40, 51], "uv_size": [5, -4]}
							}
						},
						{
							"origin": [-8.8, 19.8, -2.2],
							"size": [2.5, 2.2, 4.4],
							"inflate": 0.15,
							"pivot": [-4.2, 22.975, 0],
							"rotation": [0, 0, 8],
							"uv": {
								"north": {"uv": [53, 33], "uv_size": [2, 1]},
								"east": {"uv": [20, 46], "uv_size": [4, 1]},
								"south": {"uv": [57, 32], "uv_size": [2, 1]},
								"west": {"uv": [46, 21], "uv_size": [4, 1]},
								"up": {"uv": [12, 58], "uv_size": [2, 4]},
								"down": {"uv": [14, 62], "uv_size": [2, -4]}
							}
						},
						{
							"origin": [-8.2, 16, -2.1],
							"size": [0.5, 2.4, 4.2],
							"inflate": 0.15,
							"uv": {
								"north": {"uv": [62, 31], "uv_size": [2, 1]},
								"east": {"uv": [51, 18], "uv_size": [3, 1]},
								"south": {"uv": [33, 62], "uv_size": [2, 1]},
								"west": {"uv": [27, 51], "uv_size": [3, 1]},
								"up": {"uv": [45, 26], "uv_size": [2, 3]},
								"down": {"uv": [48, 37], "uv_size": [2, -3]}
							}
						},
						{
							"origin": [-8.4, 18.4, -1.5],
							"size": [2, 1.2, 3],
							"inflate": 0.15,
							"uv": {
								"north": {"uv": [62, 31], "uv_size": [2, 1]},
								"east": {"uv": [51, 18], "uv_size": [3, 1]},
								"south": {"uv": [33, 62], "uv_size": [2, 1]},
								"west": {"uv": [27, 51], "uv_size": [3, 1]},
								"up": {"uv": [45, 26], "uv_size": [2, 3]},
								"down": {"uv": [48, 37], "uv_size": [2, -3]}
							}
						}
					]
				},
				{
					"name": "LeftArm",
					"parent": "Body",
					"pivot": [5, 22, 0],
					"cubes": [
						{
							"origin": [4, 12, -2],
							"size": [4, 12, 4],
							"inflate": 0.15,
							"uv": {
								"north": {"uv": [36, 12], "uv_size": [4, 12]},
								"east": {"uv": [36, 24], "uv_size": [4, 12]},
								"south": {"uv": [32, 36], "uv_size": [4, 12]},
								"west": {"uv": [36, 36], "uv_size": [4, 12]},
								"up": {"uv": [54, 18], "uv_size": [4, 4]},
								"down": {"uv": [44, 58], "uv_size": [4, -4]}
							}
						},
						{
							"origin": [3.7, 11.9, -2.2],
							"size": [4.6, 4.9, 4.4],
							"inflate": 0.15,
							"uv": {
								"north": {"uv": [46, 45], "uv_size": [5, 4]},
								"east": {"uv": [55, 13], "uv_size": [4, 4]},
								"south": {"uv": [5, 47], "uv_size": [5, 4]},
								"west": {"uv": [55, 33], "uv_size": [4, 4]},
								"up": {"uv": [10, 47], "uv_size": [5, 4]},
								"down": {"uv": [20, 51], "uv_size": [5, -4]}
							}
						},
						{
							"origin": [3.4, 15.8, -2.2],
							"size": [0.8, 7, 4.4],
							"inflate": 0.15,
							"uv": {
								"north": {"uv": [46, 45], "uv_size": [5, 4]},
								"east": {"uv": [55, 13], "uv_size": [4, 4]},
								"south": {"uv": [5, 47], "uv_size": [5, 4]},
								"west": {"uv": [55, 33], "uv_size": [4, 4]},
								"up": {"uv": [10, 47], "uv_size": [5, 4]},
								"down": {"uv": [20, 51], "uv_size": [5, -4]}
							}
						},
						{
							"origin": [7.1, 11.4, -2.3],
							"size": [1.6, 4, 4.6],
							"uv": {
								"north": {"uv": [58, 18], "uv_size": [2, 4]},
								"east": {"uv": [49, 0], "uv_size": [5, 4]},
								"south": {"uv": [20, 58], "uv_size": [2, 4]},
								"west": {"uv": [49, 4], "uv_size": [5, 4]},
								"up": {"uv": [29, 40], "uv_size": [2, 5]},
								"down": {"uv": [8, 61], "uv_size": [2, -5]}
							}
						},
						{
							"origin": [3.7, 21, -2.2],
							"size": [5.3, 3.4, 4.4],
							"inflate": 0.15,
							"pivot": [3.35, 22.975, 0],
							"rotation": [0, 0, -9],
							"uv": {
								"north": {"uv": [57, 28], "uv_size": [5, 2]},
								"east": {"uv": [46, 19], "uv_size": [4, 2]},
								"south": {"uv": [57, 30], "uv_size": [5, 2]},
								"west": {"uv": [58, 5], "uv_size": [4, 2]},
								"up": {"uv": [48, 26], "uv_size": [5, 4]},
								"down": {"uv": [30, 52], "uv_size": [5, -4]}
							}
						},
						{
							"origin": [4.3, 22.1, -1.7],
							"size": [3.9, 2.7, 3.4],
							"inflate": 0.15,
							"pivot": [3.35, 22.975, 0],
							"rotation": [0, 0, -9],
							"uv": {
								"north": {"uv": [57, 28], "uv_size": [5, 2]},
								"east": {"uv": [46, 19], "uv_size": [4, 2]},
								"south": {"uv": [57, 30], "uv_size": [5, 2]},
								"west": {"uv": [58, 5], "uv_size": [4, 2]},
								"up": {"uv": [48, 26], "uv_size": [5, 4]},
								"down": {"uv": [30, 52], "uv_size": [5, -4]}
							}
						},
						{
							"origin": [6.2, 19.8, -2.2],
							"size": [2.5, 2.2, 4.4],
							"inflate": 0.15,
							"pivot": [3.35, 22.975, 0],
							"rotation": [0, 0, -9],
							"uv": {
								"north": {"uv": [22, 62], "uv_size": [2, 1]},
								"east": {"uv": [26, 61], "uv_size": [4, 1]},
								"south": {"uv": [31, 62], "uv_size": [2, 1]},
								"west": {"uv": [61, 36], "uv_size": [4, 1]},
								"up": {"uv": [16, 58], "uv_size": [2, 4]},
								"down": {"uv": [18, 62], "uv_size": [2, -4]}
							}
						},
						{
							"origin": [7.5, 16, -2.1],
							"size": [0.7, 2.4, 4.2],
							"inflate": 0.15,
							"uv": {
								"north": {"uv": [35, 62], "uv_size": [2, 1]},
								"east": {"uv": [24, 56], "uv_size": [3, 1]},
								"south": {"uv": [37, 62], "uv_size": [2, 1]},
								"west": {"uv": [61, 43], "uv_size": [3, 1]},
								"up": {"uv": [12, 51], "uv_size": [2, 3]},
								"down": {"uv": [60, 58], "uv_size": [2, -3]}
							}
						},
						{
							"origin": [6.4, 18.4, -1.5],
							"size": [2, 1.2, 3],
							"inflate": 0.15,
							"uv": {
								"north": {"uv": [35, 62], "uv_size": [2, 1]},
								"east": {"uv": [24, 56], "uv_size": [3, 1]},
								"south": {"uv": [37, 62], "uv_size": [2, 1]},
								"west": {"uv": [61, 43], "uv_size": [3, 1]},
								"up": {"uv": [12, 51], "uv_size": [2, 3]},
								"down": {"uv": [60, 58], "uv_size": [2, -3]}
							}
						}
					]
				}
			]
		}
	]
}