{
  "format_version": "1.12.0",
  "minecraft:geometry": [
    {
      "description": {
        "identifier": "geometry.mc_jarvis",
        "texture_width": 32,
        "texture_height": 32,
        "visible_bounds_width": 4,
        "visible_bounds_height": 2.5,
        "visible_bounds_offset": [
          0,
          0.75,
          0
        ]
      },
      "bones": [
        {
          "name": "root",
          "pivot": [
            0,
            0,
            0
          ]
        },
        {
          "name": "waist",
          "parent": "root",
          "pivot": [
            0,
            12,
            0
          ]
        },
        {
          "name": "body",
          "parent": "waist",
          "pivot": [
            0,
            24,
            0
          ]
        },
        {
          "name": "head",
          "parent": "body",
          "pivot": [
            0,
            24,
            0
          ]
        },
        {
          "name": "hat",
          "parent": "head",
          "pivot": [
            0,
            24,
            0
          ]
        },
        {
          "name": "cape",
          "parent": "body",
          "pivot": [
            0,
            24,
            3
          ]
        },
        {
          "name": "leftArm",
          "parent": "body",
          "pivot": [
            5,
            22,
            0
          ]
        },
        {
          "name": "leftSleeve",
          "parent": "leftArm",
          "pivot": [
            5,
            22,
            0
          ]
        },
        {
          "name": "leftItem",
          "parent": "leftArm",
          "pivot": [
            6,
            15,
            1
          ]
        },
        {
          "name": "rightArm",
          "parent": "body",
          "pivot": [
            -5,
            22,
            0
          ]
        },
        {
          "name": "rightSleeve",
          "parent": "rightArm",
          "pivot": [
            -5,
            22,
            0
          ]
        },
        {
          "name": "rightItem",
          "parent": "rightArm",
          "pivot": [
            -6,
            15,
            1
          ],
          "locators": {
            "lead_hold": [
              -6,
              15,
              1
            ]
          }
        },
        {
          "name": "pistolRoot",
          "parent": "rightItem",
          "pivot": [
            0,
            0,
            0
          ]
        },
        {
          "name": "pistol",
          "parent": "pistolRoot",
          "pivot": [
            0,
            0,
            4
          ],
          "cubes": [
            {
              "origin": [
                -1,
                1,
                3
              ],
              "size": [
                2,
                6,
                3
              ],
              "uv": [
                0,
                0
              ]
            },
            {
              "origin": [
                -1.25,
                7,
                -7
              ],
              "size": [
                2.5,
                3,
                13
              ],
              "uv": [
                0,
                0
              ]
            },
            {
              "origin": [
                -0.5,
                4,
                0
              ],
              "size": [
                1,
                1,
                3
              ],
              "uv": [
                0,
                9
              ]
            },
            {
              "origin": [
                -0.5,
                5,
                0
              ],
              "size": [
                1,
                2,
                1
              ],
              "uv": [
                7,
                0
              ]
            },
            {
              "origin": [
                -0.5,
                6,
                2
              ],
              "size": [
                1,
                1,
                1
              ],
              "uv": [
                5,
                9
              ]
            }
          ]
        },
        {
          "name": "jacket",
          "parent": "body",
          "pivot": [
            0,
            24,
            0
          ]
        },
        {
          "name": "leftLeg",
          "parent": "root",
          "pivot": [
            1.9,
            12,
            0
          ]
        },
        {
          "name": "leftPants",
          "parent": "leftLeg",
          "pivot": [
            1.9,
            12,
            0
          ]
        },
        {
          "name": "rightLeg",
          "parent": "root",
          "pivot": [
            -1.9,
            12,
            0
          ]
        },
        {
          "name": "rightPants",
          "parent": "rightLeg",
          "pivot": [
            -1.9,
            12,
            0
          ]
        }
      ]
    }
  ]
}