{
	"format_version": "1.12.0",
	"minecraft:geometry": [
		{
			"description": {
				"identifier": "geometry.mc_rocketblast",
				"texture_width": 16,
				"texture_height": 16,
				"visible_bounds_width": 3,
				"visible_bounds_height": 3.5,
				"visible_bounds_offset": [0, 1.25, 0]
			},
			"bones": [
				{
					"name": "root",
					"pivot": [0, 0, 0]
				},
				{
					"name": "waist",
					"parent": "root",
					"pivot": [0, 0, 0]
				},
				{
					"name": "Body",
					"parent": "waist",
					"pivot": [0, 24, 0]
				},
				{
					"name": "RightArm",
					"parent": "Body",
					"pivot": [-5, 22, 0]
				},
				{
					"name": "rocket",
					"parent": "RightArm",
					"pivot": [-6, 17, -2],
					"cubes": [
						{
							"origin": [-7.5, 18.2, -4.5],
							"size": [3, 0.6, 3.5],
							"uv": {
								"north": {"uv": [12, 2], "uv_size": [3, 1]},
								"east": {"uv": [11, 5], "uv_size": [4, 1]},
								"south": {"uv": [12, 3], "uv_size": [3, 1]},
								"west": {"uv": [11, 6], "uv_size": [4, 1]},
								"up": {"uv": [0, 5], "uv_size": [3, 4]},
								"down": {"uv": [3, 9], "uv_size": [3, -4]}
							}
						},
						{
							"origin": [-6.8, 18.8, -4.1],
							"size": [1.5, 0.6, 3.1],
							"uv": {
								"north": {"uv": [12, 12], "uv_size": [2, 1]},
								"east": {"uv": [12, 8], "uv_size": [3, 1]},
								"south": {"uv": [12, 13], "uv_size": [2, 1]},
								"west": {"uv": [12, 9], "uv_size": [3, 1]},
								"up": {"uv": [8, 8], "uv_size": [2, 3]},
								"down": {"uv": [0, 12], "uv_size": [2, -3]}
							}
						},
						{
							"origin": [-6.4, 12.9, -3.8],
							"size": [0.7, 1, 2.1],
							"uv": {
								"north": {"uv": [5, 15], "uv_size": [1, 1]},
								"east": {"uv": [4, 14], "uv_size": [2, 1]},
								"south": {"uv": [15, 5], "uv_size": [1, 1]},
								"west": {"uv": [14, 10], "uv_size": [2, 1]},
								"up": {"uv": [10, 13], "uv_size": [1, 2]},
								"down": {"uv": [14, 13], "uv_size": [1, -2]}
							}
						},
						{
							"origin": [-7.5, 13.8, -3.3],
							"size": [3, 0.7, 2.3],
							"uv": {
								"north": {"uv": [12, 4], "uv_size": [3, 1]},
								"east": {"uv": [12, 10], "uv_size": [2, 1]},
								"south": {"uv": [12, 7], "uv_size": [3, 1]},
								"west": {"uv": [12, 11], "uv_size": [2, 1]},
								"up": {"uv": [8, 4], "uv_size": [3, 2]},
								"down": {"uv": [8, 8], "uv_size": [3, -2]}
							}
						},
						{
							"origin": [-7.5, 13.8, -2.8],
							"size": [3, 4.6, 1.8],
							"uv": {
								"north": {"uv": [0, 0], "uv_size": [3, 5]},
								"east": {"uv": [6, 0], "uv_size": [2, 5]},
								"south": {"uv": [3, 0], "uv_size": [3, 5]},
								"west": {"uv": [6, 5], "uv_size": [2, 5]},
								"up": {"uv": [8, 0], "uv_size": [3, 2]},
								"down": {"uv": [8, 4], "uv_size": [3, -2]}
							}
						},
						{
							"origin": [-7.5, 13.8, -4],
							"size": [0.6, 4.6, 0.7],
							"uv": {
								"north": {"uv": [2, 9], "uv_size": [1, 5]},
								"east": {"uv": [3, 9], "uv_size": [1, 5]},
								"south": {"uv": [4, 9], "uv_size": [1, 5]},
								"west": {"uv": [5, 9], "uv_size": [1, 5]},
								"up": {"uv": [12, 14], "uv_size": [1, 1]},
								"down": {"uv": [13, 15], "uv_size": [1, -1]}
							}
						},
						{
							"origin": [-5.1, 13.8, -4],
							"size": [0.6, 4.6, 0.7],
							"uv": {
								"north": {"uv": [6, 10], "uv_size": [1, 5]},
								"east": {"uv": [7, 10], "uv_size": [1, 5]},
								"south": {"uv": [10, 8], "uv_size": [1, 5]},
								"west": {"uv": [11, 0], "uv_size": [1, 5]},
								"up": {"uv": [14, 13], "uv_size": [1, 1]},
								"down": {"uv": [14, 15], "uv_size": [1, -1]}
							}
						}
					]
				},
				{
					"name": "oq",
					"parent": "rocket",
					"pivot": [-6, 18, -3],
					"cubes": [
						{
							"origin": [-6.5, 14, -4],
							"size": [1, 4, 1],
							"uv": {
								"north": {"uv": [11, 7], "uv_size": [1, 4]},
								"east": {"uv": [8, 11], "uv_size": [1, 4]},
								"south": {"uv": [9, 11], "uv_size": [1, 4]},
								"west": {"uv": [11, 11], "uv_size": [1, 4]},
								"up": {"uv": [0, 15], "uv_size": [1, 1]},
								"down": {"uv": [1, 16], "uv_size": [1, -1]}
							}
						},
						{
							"origin": [-6.7, 14.3, -4.1],
							"size": [1.4, 1, 1.2],
							"uv": {
								"north": {"uv": [2, 15], "uv_size": [1, 1]},
								"east": {"uv": [15, 2], "uv_size": [1, 1]},
								"south": {"uv": [3, 15], "uv_size": [1, 1]},
								"west": {"uv": [15, 3], "uv_size": [1, 1]},
								"up": {"uv": [4, 15], "uv_size": [1, 1]},
								"down": {"uv": [15, 5], "uv_size": [1, -1]}
							}
						},
						{
							"origin": [-6.9, 17.5, -4.4],
							"size": [1.8, 0.6, 1.8],
							"uv": {
								"north": {"uv": [0, 14], "uv_size": [2, 1]},
								"east": {"uv": [14, 0], "uv_size": [2, 1]},
								"south": {"uv": [14, 1], "uv_size": [2, 1]},
								"west": {"uv": [2, 14], "uv_size": [2, 1]},
								"up": {"uv": [0, 12], "uv_size": [2, 2]},
								"down": {"uv": [12, 2], "uv_size": [2, -2]}
							}
						}
					]
				}
			]
		}
	]
}