{
	"format_version": "1.12.0",
	"minecraft:geometry": [
		{
			"description": {
				"identifier": "geometry.mc_blastgun",
				"texture_width": 32,
				"texture_height": 32,
				"visible_bounds_width": 3,
				"visible_bounds_height": 3.5,
				"visible_bounds_offset": [0, 1.25, 0]
			},
			"bones": [
				{
					"name": "root",
					"pivot": [0, 0, 0]
				},
				{
					"name": "waist",
					"parent": "root",
					"pivot": [0, 0, 0]
				},
				{
					"name": "Body",
					"parent": "waist",
					"pivot": [0, 24, 0]
				},
				{
					"name": "RightArm",
					"parent": "Body",
					"pivot": [-5, 22, 0]
				},
				{
					"name": "osha",
					"parent": "RightArm",
					"pivot": [-6, 12, 0],
					"cubes": [
						{
							"origin": [-6.6, 10.6, -3.3],
							"size": [1.2, 4, 6.3],
							"uv": {
								"north": {"uv": [8, 7], "uv_size": [2, 4]},
								"east": {"uv": [0, 0], "uv_size": [6, 4]},
								"south": {"uv": [10, 0], "uv_size": [2, 4]},
								"west": {"uv": [0, 4], "uv_size": [6, 4]},
								"up": {"uv": [2, 8], "uv_size": [2, 6]},
								"down": {"uv": [4, 14], "uv_size": [2, -6]}
							}
						},
						{
							"origin": [-6.6, 10, -1.3],
							"size": [1.2, 1, 2.3],
							"uv": {
								"north": {"uv": [0, 15], "uv_size": [1, 1]},
								"east": {"uv": [6, 14], "uv_size": [2, 1]},
								"south": {"uv": [15, 0], "uv_size": [1, 1]},
								"west": {"uv": [14, 6], "uv_size": [2, 1]},
								"up": {"uv": [14, 7], "uv_size": [1, 2]},
								"down": {"uv": [14, 11], "uv_size": [1, -2]}
							}
						},
						{
							"origin": [-6.6, 5.6, -2.5],
							"size": [1.2, 2.3, 0.7],
							"pivot": [-6, 8.97151, -2.29988],
							"rotation": [0, 0, 0],
							"uv": {
								"north": {"uv": [14, 0], "uv_size": [1, 3]},
								"east": {"uv": [2, 14], "uv_size": [1, 3]},
								"south": {"uv": [3, 14], "uv_size": [1, 3]},
								"west": {"uv": [14, 3], "uv_size": [1, 3]},
								"up": {"uv": [15, 2], "uv_size": [1, 1]},
								"down": {"uv": [15, 4], "uv_size": [1, -1]}
							}
						},
						{
							"origin": [-6.7, 7.81153, -3.52999],
							"size": [1.4, 7.2, 1.7],
							"pivot": [-6, 8.97151, -2.29988],
							"rotation": [4, 0, 0],
							"uv": {
								"north": {"uv": [8, 11], "uv_size": [1, 7]},
								"east": {"uv": [0, 8], "uv_size": [2, 7]},
								"south": {"uv": [9, 11], "uv_size": [1, 7]},
								"west": {"uv": [8, 0], "uv_size": [2, 7]},
								"up": {"uv": [10, 14], "uv_size": [1, 2]},
								"down": {"uv": [11, 16], "uv_size": [1, -2]}
							}
						},
						{
							"origin": [-6.7, 5.67129, -3.78439],
							"size": [1.4, 2.7, 1],
							"pivot": [-6, 8.97151, -2.29988],
							"rotation": [21, 0, 0],
							"uv": {
								"north": {"uv": [13, 3], "uv_size": [1, 3]},
								"east": {"uv": [13, 6], "uv_size": [1, 3]},
								"south": {"uv": [13, 9], "uv_size": [1, 3]},
								"west": {"uv": [13, 12], "uv_size": [1, 3]},
								"up": {"uv": [1, 15], "uv_size": [1, 1]},
								"down": {"uv": [15, 2], "uv_size": [1, -1]}
							}
						},
						{
							"origin": [-6.7, 7.81153, 1.27001],
							"size": [1.4, 7.2, 1.8],
							"pivot": [-6, 8.97151, 2.50012],
							"rotation": [4, 180, 0],
							"uv": {
								"north": {"uv": [8, 11], "uv_size": [1, 7]},
								"east": {"uv": [0, 8], "uv_size": [2, 7]},
								"south": {"uv": [9, 11], "uv_size": [1, 7]},
								"west": {"uv": [8, 0], "uv_size": [2, 7]},
								"up": {"uv": [10, 14], "uv_size": [1, 2]},
								"down": {"uv": [11, 16], "uv_size": [1, -2]}
							}
						},
						{
							"origin": [-6.6, 5.7, 2.3],
							"size": [1.2, 2.2, 0.8],
							"pivot": [-6, 8.97151, 2.50012],
							"rotation": [0, 180, 0],
							"uv": {
								"north": {"uv": [14, 0], "uv_size": [1, 3]},
								"east": {"uv": [2, 14], "uv_size": [1, 3]},
								"south": {"uv": [3, 14], "uv_size": [1, 3]},
								"west": {"uv": [14, 3], "uv_size": [1, 3]},
								"up": {"uv": [15, 2], "uv_size": [1, 1]},
								"down": {"uv": [15, 4], "uv_size": [1, -1]}
							}
						},
						{
							"origin": [-6.7, 5.67129, 1.01561],
							"size": [1.4, 2.7, 0.9],
							"pivot": [-6, 8.97151, 2.50012],
							"rotation": [21, 180, 0],
							"uv": {
								"north": {"uv": [13, 3], "uv_size": [1, 3]},
								"east": {"uv": [13, 6], "uv_size": [1, 3]},
								"south": {"uv": [13, 9], "uv_size": [1, 3]},
								"west": {"uv": [13, 12], "uv_size": [1, 3]},
								"up": {"uv": [1, 15], "uv_size": [1, 1]},
								"down": {"uv": [15, 2], "uv_size": [1, -1]}
							}
						}
					]
				},
				{
					"name": "LeftArm",
					"parent": "Body",
					"pivot": [5, 22, 0]
				},
				{
					"name": "osha2",
					"parent": "LeftArm",
					"pivot": [6, 12, 0],
					"cubes": [
						{
							"origin": [5.4, 10.6, -3.3],
							"size": [1.2, 4, 6.3],
							"uv": {
								"north": {"uv": [8, 7], "uv_size": [2, 4]},
								"east": {"uv": [0, 0], "uv_size": [6, 4]},
								"south": {"uv": [10, 0], "uv_size": [2, 4]},
								"west": {"uv": [0, 4], "uv_size": [6, 4]},
								"up": {"uv": [2, 8], "uv_size": [2, 6]},
								"down": {"uv": [4, 14], "uv_size": [2, -6]}
							}
						},
						{
							"origin": [5.4, 10, -1.3],
							"size": [1.2, 1, 2.3],
							"uv": {
								"north": {"uv": [0, 15], "uv_size": [1, 1]},
								"east": {"uv": [6, 14], "uv_size": [2, 1]},
								"south": {"uv": [15, 0], "uv_size": [1, 1]},
								"west": {"uv": [14, 6], "uv_size": [2, 1]},
								"up": {"uv": [14, 7], "uv_size": [1, 2]},
								"down": {"uv": [14, 11], "uv_size": [1, -2]}
							}
						},
						{
							"origin": [5.4, 5.6, -2.5],
							"size": [1.2, 2.3, 0.7],
							"pivot": [6, 8.97151, -2.29988],
							"rotation": [0, 0, 0],
							"uv": {
								"north": {"uv": [14, 0], "uv_size": [1, 3]},
								"east": {"uv": [2, 14], "uv_size": [1, 3]},
								"south": {"uv": [3, 14], "uv_size": [1, 3]},
								"west": {"uv": [14, 3], "uv_size": [1, 3]},
								"up": {"uv": [15, 2], "uv_size": [1, 1]},
								"down": {"uv": [15, 4], "uv_size": [1, -1]}
							}
						},
						{
							"origin": [5.3, 7.81153, -3.52999],
							"size": [1.4, 7.2, 1.7],
							"pivot": [6, 8.97151, -2.29988],
							"rotation": [4, 0, 0],
							"uv": {
								"north": {"uv": [8, 11], "uv_size": [1, 7]},
								"east": {"uv": [0, 8], "uv_size": [2, 7]},
								"south": {"uv": [9, 11], "uv_size": [1, 7]},
								"west": {"uv": [8, 0], "uv_size": [2, 7]},
								"up": {"uv": [10, 14], "uv_size": [1, 2]},
								"down": {"uv": [11, 16], "uv_size": [1, -2]}
							}
						},
						{
							"origin": [5.3, 5.67129, -3.78439],
							"size": [1.4, 2.7, 1],
							"pivot": [6, 8.97151, -2.29988],
							"rotation": [21, 0, 0],
							"uv": {
								"north": {"uv": [13, 3], "uv_size": [1, 3]},
								"east": {"uv": [13, 6], "uv_size": [1, 3]},
								"south": {"uv": [13, 9], "uv_size": [1, 3]},
								"west": {"uv": [13, 12], "uv_size": [1, 3]},
								"up": {"uv": [1, 15], "uv_size": [1, 1]},
								"down": {"uv": [15, 2], "uv_size": [1, -1]}
							}
						},
						{
							"origin": [5.3, 7.81153, 1.27001],
							"size": [1.4, 7.2, 1.8],
							"pivot": [6, 8.97151, 2.50012],
							"rotation": [4, 180, 0],
							"uv": {
								"north": {"uv": [8, 11], "uv_size": [1, 7]},
								"east": {"uv": [0, 8], "uv_size": [2, 7]},
								"south": {"uv": [9, 11], "uv_size": [1, 7]},
								"west": {"uv": [8, 0], "uv_size": [2, 7]},
								"up": {"uv": [10, 14], "uv_size": [1, 2]},
								"down": {"uv": [11, 16], "uv_size": [1, -2]}
							}
						},
						{
							"origin": [5.4, 5.7, 2.3],
							"size": [1.2, 2.2, 0.8],
							"pivot": [6, 8.97151, 2.50012],
							"rotation": [0, 180, 0],
							"uv": {
								"north": {"uv": [14, 0], "uv_size": [1, 3]},
								"east": {"uv": [2, 14], "uv_size": [1, 3]},
								"south": {"uv": [3, 14], "uv_size": [1, 3]},
								"west": {"uv": [14, 3], "uv_size": [1, 3]},
								"up": {"uv": [15, 2], "uv_size": [1, 1]},
								"down": {"uv": [15, 4], "uv_size": [1, -1]}
							}
						},
						{
							"origin": [5.3, 5.67129, 1.01561],
							"size": [1.4, 2.7, 0.9],
							"pivot": [6, 8.97151, 2.50012],
							"rotation": [21, 180, 0],
							"uv": {
								"north": {"uv": [13, 3], "uv_size": [1, 3]},
								"east": {"uv": [13, 6], "uv_size": [1, 3]},
								"south": {"uv": [13, 9], "uv_size": [1, 3]},
								"west": {"uv": [13, 12], "uv_size": [1, 3]},
								"up": {"uv": [1, 15], "uv_size": [1, 1]},
								"down": {"uv": [15, 2], "uv_size": [1, -1]}
							}
						}
					]
				}
			]
		}
	]
}