{
	"format_version": "1.12.0",
	"minecraft:geometry": [
		{
			"description": {
				"identifier": "geometry.olov",
				"texture_width": 16,
				"texture_height": 16,
				"visible_bounds_width": 3,
				"visible_bounds_height": 3.5,
				"visible_bounds_offset": [0, 1.25, 0]
			},
			"bones": [
				{
					"name": "root",
					"pivot": [0, 0, 0]
				},
				{
					"name": "RightLeg",
					"parent": "root",
					"pivot": [-1.9, 12, 0]
				},
				{
					"name": "olovlar4",
					"parent": "RightLeg",
					"pivot": [-2, 0, 0],
					"cubes": [
						{"origin": [-2, -6, -2], "size": [0, 6, 4], "uv": [8, 0]},
						{"origin": [-2, -6, -2], "size": [0, 6, 4], "pivot": [-2, 0, 0], "rotation": [0, -92.5, 0], "uv": [8, 0]},
						{"origin": [-2, -6, -2], "size": [0, 6, 4], "pivot": [-2, 0, 0], "rotation": [0, -145, 0], "uv": [8, 0]},
						{"origin": [-2, -6, -2], "size": [0, 6, 4], "pivot": [-2, 0, 0], "rotation": [0, 125, 0], "uv": [8, 0]}
					]
				},
				{
					"name": "LeftLeg",
					"parent": "root",
					"pivot": [1.9, 12, 0]
				},
				{
					"name": "olovlar3",
					"parent": "LeftLeg",
					"pivot": [2, 0, 0],
					"cubes": [
						{"origin": [2, -6, -2], "size": [0, 6, 4], "uv": [8, 6]},
						{"origin": [2, -6, -2], "size": [0, 6, 4], "pivot": [2, 0, 0], "rotation": [0, -90, 0], "uv": [8, 6]},
						{"origin": [2, -6, -2], "size": [0, 6, 4], "pivot": [2, 0, 0], "rotation": [0, -145, 0], "uv": [8, 6]},
						{"origin": [2, -6, -2], "size": [0, 6, 4], "pivot": [2, 0, 0], "rotation": [0, 125, 0], "uv": [8, 6]}
					]
				},
				{
					"name": "waist",
					"parent": "root",
					"pivot": [0, 0, 0]
				},
				{
					"name": "Body",
					"parent": "waist",
					"pivot": [0, 24, 0]
				},
				{
					"name": "RightArm",
					"parent": "Body",
					"pivot": [-5, 22, 0]
				},
				{
					"name": "olovlar",
					"parent": "RightArm",
					"pivot": [-6, 12, 0],
					"cubes": [
						{"origin": [-6, 6, -2], "size": [0, 6, 4], "uv": [8, 6]},
						{"origin": [-6, 6, -2], "size": [0, 6, 4], "pivot": [-6, 12, 0], "rotation": [0, -90, 0], "uv": [8, 6]},
						{"origin": [-6, 6, -2], "size": [0, 6, 4], "pivot": [-6, 12, 0], "rotation": [0, -145, 0], "uv": [8, 6]},
						{"origin": [-6, 6, -2], "size": [0, 6, 4], "pivot": [-6, 12, 0], "rotation": [0, 130, 0], "uv": [8, 6]}
					]
				},
				{
					"name": "LeftArm",
					"parent": "Body",
					"pivot": [5, 22, 0]
				},
				{
					"name": "olovlar2",
					"parent": "LeftArm",
					"pivot": [6, 12, 0],
					"cubes": [
						{"origin": [6, 6, -2], "size": [0, 6, 4], "uv": [8, 0]},
						{"origin": [6, 6, -2], "size": [0, 6, 4], "pivot": [6, 12, 0], "rotation": [0, -90, 0], "uv": [8, 0]},
						{"origin": [6, 6, -2], "size": [0, 6, 4], "pivot": [6, 12, 0], "rotation": [0, -145, 0], "uv": [8, 0]},
						{"origin": [6, 6, -2], "size": [0, 6, 4], "pivot": [6, 12, 0], "rotation": [0, 125, 0], "uv": [8, 0]}
					]
				}
			]
		}
	]
}