{
	"format_version": "1.12.0",
	"minecraft:geometry": [
		{
			"description": {
				"identifier": "geometry.mc_repulsorsuperior",
				"texture_width": 32,
				"texture_height": 32,
				"visible_bounds_width": 3,
				"visible_bounds_height": 3.5,
				"visible_bounds_offset": [0, 1.25, 0]
			},
			"bones": [
				{
					"name": "root",
					"pivot": [0, 0, 0]
				},
				{
					"name": "waist",
					"parent": "root",
					"pivot": [0, 0, 0]
				},
				{
					"name": "Body",
					"parent": "waist",
					"pivot": [0, 24, 0]
				},
				{
					"name": "RightArm",
					"parent": "Body",
					"pivot": [-5, 22, 0]
				},
				{
					"name": "Otgich",
					"parent": "RightArm",
					"pivot": [-6, 14, 0],
					"rotation": [0, -35, 0],
					"cubes": [
						{
							"origin": [-9, 14, -0.5],
							"size": [6.3, 1, 1],
							"uv": {
								"north": {"uv": [0, 0], "uv_size": [6, 1]},
								"east": {"uv": [3, 17], "uv_size": [1, 1]},
								"south": {"uv": [0, 1], "uv_size": [6, 1]},
								"west": {"uv": [4, 17], "uv_size": [1, 1]},
								"up": {"uv": [0, 2], "uv_size": [6, 1]},
								"down": {"uv": [0, 4], "uv_size": [6, -1]}
							}
						},
						{
							"origin": [-9, 14, -0.5],
							"size": [6.2, 1, 1],
							"pivot": [-6, 14, 0],
							"rotation": [0, -90, 0],
							"uv": {
								"north": {"uv": [0, 4], "uv_size": [6, 1]},
								"east": {"uv": [17, 4], "uv_size": [1, 1]},
								"south": {"uv": [0, 5], "uv_size": [6, 1]},
								"west": {"uv": [5, 17], "uv_size": [1, 1]},
								"up": {"uv": [0, 6], "uv_size": [6, 1]},
								"down": {"uv": [6, 1], "uv_size": [6, -1]}
							}
						},
						{
							"origin": [-10.2, 13, -0.7],
							"size": [1.4, 2, 1.4],
							"pivot": [-6, 14, 0],
							"rotation": [0, -90, 0],
							"uv": {
								"north": {"uv": [0, 15], "uv_size": [1, 2]},
								"east": {"uv": [15, 0], "uv_size": [1, 2]},
								"south": {"uv": [1, 15], "uv_size": [1, 2]},
								"west": {"uv": [2, 15], "uv_size": [1, 2]},
								"up": {"uv": [17, 5], "uv_size": [1, 1]},
								"down": {"uv": [6, 18], "uv_size": [1, -1]}
							}
						},
						{
							"origin": [-10.2, 7.2, -0.7],
							"size": [1.4, 2, 1.4],
							"pivot": [-6, 14, 0],
							"rotation": [0, -90, 0],
							"uv": {
								"north": {"uv": [15, 2], "uv_size": [1, 2]},
								"east": {"uv": [3, 15], "uv_size": [1, 2]},
								"south": {"uv": [4, 15], "uv_size": [1, 2]},
								"west": {"uv": [15, 4], "uv_size": [1, 2]},
								"up": {"uv": [17, 6], "uv_size": [1, 1]},
								"down": {"uv": [7, 18], "uv_size": [1, -1]}
							}
						},
						{
							"origin": [-10.1, 9.1, -0.6],
							"size": [0.4, 4.1, 0.6],
							"pivot": [-6, 14, 0],
							"rotation": [0, -90, 0],
							"uv": {
								"north": {"uv": [6, 1], "uv_size": [1, 4]},
								"east": {"uv": [6, 5], "uv_size": [1, 4]},
								"south": {"uv": [0, 7], "uv_size": [1, 4]},
								"west": {"uv": [1, 7], "uv_size": [1, 4]},
								"up": {"uv": [17, 7], "uv_size": [1, 1]},
								"down": {"uv": [8, 18], "uv_size": [1, -1]}
							}
						},
						{
							"origin": [-9.3, 9.1, 0],
							"size": [0.4, 4.1, 0.6],
							"pivot": [-6, 14, 0],
							"rotation": [0, -90, 0],
							"uv": {
								"north": {"uv": [7, 1], "uv_size": [1, 4]},
								"east": {"uv": [2, 7], "uv_size": [1, 4]},
								"south": {"uv": [3, 7], "uv_size": [1, 4]},
								"west": {"uv": [4, 7], "uv_size": [1, 4]},
								"up": {"uv": [17, 8], "uv_size": [1, 1]},
								"down": {"uv": [9, 18], "uv_size": [1, -1]}
							}
						},
						{
							"origin": [-2, 9.1, 0],
							"size": [0.4, 4.1, 0.6],
							"pivot": [-6, 14, 0],
							"rotation": [0, -90, 0],
							"uv": {
								"north": {"uv": [9, 1], "uv_size": [1, 4]},
								"east": {"uv": [9, 5], "uv_size": [1, 4]},
								"south": {"uv": [6, 9], "uv_size": [1, 4]},
								"west": {"uv": [7, 9], "uv_size": [1, 4]},
								"up": {"uv": [17, 13], "uv_size": [1, 1]},
								"down": {"uv": [17, 15], "uv_size": [1, -1]}
							}
						},
						{
							"origin": [-2.8, 9.1, -0.6],
							"size": [0.4, 4.1, 0.6],
							"pivot": [-6, 14, 0],
							"rotation": [0, -90, 0],
							"uv": {
								"north": {"uv": [5, 7], "uv_size": [1, 4]},
								"east": {"uv": [7, 5], "uv_size": [1, 4]},
								"south": {"uv": [8, 1], "uv_size": [1, 4]},
								"west": {"uv": [8, 5], "uv_size": [1, 4]},
								"up": {"uv": [17, 11], "uv_size": [1, 1]},
								"down": {"uv": [17, 13], "uv_size": [1, -1]}
							}
						},
						{
							"origin": [-2.9, 13, -0.7],
							"size": [1.4, 2, 1.4],
							"pivot": [-6, 14, 0],
							"rotation": [0, -90, 0],
							"uv": {
								"north": {"uv": [15, 12], "uv_size": [1, 2]},
								"east": {"uv": [15, 14], "uv_size": [1, 2]},
								"south": {"uv": [16, 0], "uv_size": [1, 2]},
								"west": {"uv": [16, 2], "uv_size": [1, 2]},
								"up": {"uv": [17, 10], "uv_size": [1, 1]},
								"down": {"uv": [11, 18], "uv_size": [1, -1]}
							}
						},
						{
							"origin": [-2.9, 7.2, -0.7],
							"size": [1.4, 2, 1.4],
							"pivot": [-6, 14, 0],
							"rotation": [0, -90, 0],
							"uv": {
								"north": {"uv": [5, 15], "uv_size": [1, 2]},
								"east": {"uv": [15, 6], "uv_size": [1, 2]},
								"south": {"uv": [15, 8], "uv_size": [1, 2]},
								"west": {"uv": [15, 10], "uv_size": [1, 2]},
								"up": {"uv": [17, 9], "uv_size": [1, 1]},
								"down": {"uv": [10, 18], "uv_size": [1, -1]}
							}
						},
						{
							"origin": [-5.8, 9.1, 3.6],
							"size": [0.4, 4.1, 0.6],
							"pivot": [-6, 14, 0],
							"rotation": [0, -90, 0],
							"uv": {
								"north": {"uv": [10, 9], "uv_size": [1, 4]},
								"east": {"uv": [0, 11], "uv_size": [1, 4]},
								"south": {"uv": [1, 11], "uv_size": [1, 4]},
								"west": {"uv": [11, 1], "uv_size": [1, 4]},
								"up": {"uv": [3, 18], "uv_size": [1, 1]},
								"down": {"uv": [18, 4], "uv_size": [1, -1]}
							}
						},
						{
							"origin": [-6.6, 9.1, 3],
							"size": [0.4, 4.1, 0.6],
							"pivot": [-6, 14, 0],
							"rotation": [0, -90, 0],
							"uv": {
								"north": {"uv": [8, 9], "uv_size": [1, 4]},
								"east": {"uv": [9, 9], "uv_size": [1, 4]},
								"south": {"uv": [10, 1], "uv_size": [1, 4]},
								"west": {"uv": [10, 5], "uv_size": [1, 4]},
								"up": {"uv": [18, 1], "uv_size": [1, 1]},
								"down": {"uv": [18, 3], "uv_size": [1, -1]}
							}
						},
						{
							"origin": [-6.7, 13, 2.9],
							"size": [1.4, 2, 1.4],
							"pivot": [-6, 14, 0],
							"rotation": [0, -90, 0],
							"uv": {
								"north": {"uv": [12, 16], "uv_size": [1, 2]},
								"east": {"uv": [16, 12], "uv_size": [1, 2]},
								"south": {"uv": [13, 16], "uv_size": [1, 2]},
								"west": {"uv": [14, 16], "uv_size": [1, 2]},
								"up": {"uv": [17, 17], "uv_size": [1, 1]},
								"down": {"uv": [18, 1], "uv_size": [1, -1]}
							}
						},
						{
							"origin": [-6.7, 7.2, 2.9],
							"size": [1.4, 2, 1.4],
							"pivot": [-6, 14, 0],
							"rotation": [0, -90, 0],
							"uv": {
								"north": {"uv": [16, 4], "uv_size": [1, 2]},
								"east": {"uv": [16, 6], "uv_size": [1, 2]},
								"south": {"uv": [16, 8], "uv_size": [1, 2]},
								"west": {"uv": [16, 10], "uv_size": [1, 2]},
								"up": {"uv": [17, 15], "uv_size": [1, 1]},
								"down": {"uv": [17, 17], "uv_size": [1, -1]}
							}
						},
						{
							"origin": [-5.8, 9.1, -3.8],
							"size": [0.4, 4.1, 0.6],
							"pivot": [-6, 14, 0],
							"rotation": [0, -90, 0],
							"uv": {
								"north": {"uv": [11, 5], "uv_size": [1, 4]},
								"east": {"uv": [11, 9], "uv_size": [1, 4]},
								"south": {"uv": [12, 0], "uv_size": [1, 4]},
								"west": {"uv": [12, 4], "uv_size": [1, 4]},
								"up": {"uv": [7, 18], "uv_size": [1, 1]},
								"down": {"uv": [18, 8], "uv_size": [1, -1]}
							}
						},
						{
							"origin": [-6.6, 9.1, -4.4],
							"size": [0.4, 4.1, 0.6],
							"pivot": [-6, 14, 0],
							"rotation": [0, -90, 0],
							"uv": {
								"north": {"uv": [2, 11], "uv_size": [1, 4]},
								"east": {"uv": [3, 11], "uv_size": [1, 4]},
								"south": {"uv": [4, 11], "uv_size": [1, 4]},
								"west": {"uv": [5, 11], "uv_size": [1, 4]},
								"up": {"uv": [6, 18], "uv_size": [1, 1]},
								"down": {"uv": [18, 7], "uv_size": [1, -1]}
							}
						},
						{
							"origin": [-6.7, 13, -4.5],
							"size": [1.4, 2, 1.4],
							"pivot": [-6, 14, 0],
							"rotation": [0, -90, 0],
							"uv": {
								"north": {"uv": [17, 0], "uv_size": [1, 2]},
								"east": {"uv": [1, 17], "uv_size": [1, 2]},
								"south": {"uv": [2, 17], "uv_size": [1, 2]},
								"west": {"uv": [17, 2], "uv_size": [1, 2]},
								"up": {"uv": [5, 18], "uv_size": [1, 1]},
								"down": {"uv": [18, 6], "uv_size": [1, -1]}
							}
						},
						{
							"origin": [-6.7, 7.2, -4.5],
							"size": [1.4, 2, 1.4],
							"pivot": [-6, 14, 0],
							"rotation": [0, -90, 0],
							"uv": {
								"north": {"uv": [16, 14], "uv_size": [1, 2]},
								"east": {"uv": [15, 16], "uv_size": [1, 2]},
								"south": {"uv": [16, 16], "uv_size": [1, 2]},
								"west": {"uv": [0, 17], "uv_size": [1, 2]},
								"up": {"uv": [4, 18], "uv_size": [1, 1]},
								"down": {"uv": [18, 5], "uv_size": [1, -1]}
							}
						}
					]
				},
				{
					"name": "lazeri",
					"parent": "Otgich",
					"pivot": [-6, 13.2, 0],
					"cubes": [
						{
							"origin": [-6.4, 9.1, 3.3],
							"size": [0.9, 4.1, 0.6],
							"pivot": [-6, 14, 0],
							"rotation": [0, -90, 0],
							"uv": {
								"north": {"uv": [12, 8], "uv_size": [1, 4]},
								"east": {"uv": [12, 12], "uv_size": [1, 4]},
								"south": {"uv": [13, 0], "uv_size": [1, 4]},
								"west": {"uv": [13, 4], "uv_size": [1, 4]},
								"up": {"uv": [8, 18], "uv_size": [1, 1]},
								"down": {"uv": [18, 9], "uv_size": [1, -1]}
							}
						},
						{
							"origin": [-9.8, 9.1, -0.2],
							"size": [0.9, 4.1, 0.6],
							"pivot": [-6, 14, 0],
							"rotation": [0, -90, 0],
							"uv": {
								"north": {"uv": [6, 13], "uv_size": [1, 4]},
								"east": {"uv": [7, 13], "uv_size": [1, 4]},
								"south": {"uv": [8, 13], "uv_size": [1, 4]},
								"west": {"uv": [13, 8], "uv_size": [1, 4]},
								"up": {"uv": [9, 18], "uv_size": [1, 1]},
								"down": {"uv": [18, 10], "uv_size": [1, -1]}
							}
						},
						{
							"origin": [-2.6, 9.1, -0.3],
							"size": [0.9, 4.1, 0.6],
							"pivot": [-6, 14, 0],
							"rotation": [0, -90, 0],
							"uv": {
								"north": {"uv": [14, 0], "uv_size": [1, 4]},
								"east": {"uv": [14, 4], "uv_size": [1, 4]},
								"south": {"uv": [14, 8], "uv_size": [1, 4]},
								"west": {"uv": [14, 12], "uv_size": [1, 4]},
								"up": {"uv": [11, 18], "uv_size": [1, 1]},
								"down": {"uv": [18, 12], "uv_size": [1, -1]}
							}
						},
						{
							"origin": [-6.4, 9.1, -4.2],
							"size": [0.9, 4.1, 0.6],
							"pivot": [-6, 14, 0],
							"rotation": [0, -90, 0],
							"uv": {
								"north": {"uv": [9, 13], "uv_size": [1, 4]},
								"east": {"uv": [10, 13], "uv_size": [1, 4]},
								"south": {"uv": [11, 13], "uv_size": [1, 4]},
								"west": {"uv": [13, 12], "uv_size": [1, 4]},
								"up": {"uv": [10, 18], "uv_size": [1, 1]},
								"down": {"uv": [18, 11], "uv_size": [1, -1]}
							}
						}
					]
				}
			]
		}
	]
}