{
	"format_version": "1.12.0",
	"minecraft:geometry": [
		{
			"description": {
				"identifier": "geometry.mc_megarepulsor",
				"texture_width": 64,
				"texture_height": 64,
				"visible_bounds_width": 4,
				"visible_bounds_height": 3.5,
				"visible_bounds_offset": [0, 1.25, 0]
			},
			"bones": [
				{
					"name": "root",
					"pivot": [0, 0, 0]
				},
				{
					"name": "waist",
					"parent": "root",
					"pivot": [0, 0, 0]
				},
				{
					"name": "Body",
					"parent": "waist",
					"pivot": [0, 24, 0]
				},
				{
					"name": "asos",
					"parent": "Body",
					"pivot": [0, 22, 5]
				},
				{
					"name": "lol",
					"parent": "asos",
					"pivot": [0, 22, 5],
					"cubes": [
						{
							"origin": [7, 19, 3.6],
							"size": [4, 2, 1],
							"uv": {
								"north": {"uv": [24, 0], "uv_size": [4, 2]},
								"east": {"uv": [36, 13], "uv_size": [1, 2]},
								"south": {"uv": [24, 3], "uv_size": [4, 2]},
								"west": {"uv": [36, 16], "uv_size": [1, 2]},
								"up": {"uv": [10, 35], "uv_size": [4, 1]},
								"down": {"uv": [15, 36], "uv_size": [4, -1]}
							}
						},
						{
							"origin": [7, 25, 3.6],
							"size": [4, 2, 1],
							"uv": {
								"north": {"uv": [23, 14], "uv_size": [4, 2]},
								"east": {"uv": [20, 34], "uv_size": [1, 2]},
								"south": {"uv": [23, 17], "uv_size": [4, 2]},
								"west": {"uv": [5, 35], "uv_size": [1, 2]},
								"up": {"uv": [34, 31], "uv_size": [4, 1]},
								"down": {"uv": [34, 34], "uv_size": [4, -1]}
							}
						},
						{
							"origin": [7.4, 20, 4],
							"size": [3.2, 6, 2],
							"uv": {
								"north": {"uv": [12, 0], "uv_size": [3, 6]},
								"east": {"uv": [20, 14], "uv_size": [2, 6]},
								"south": {"uv": [12, 7], "uv_size": [3, 6]},
								"west": {"uv": [12, 21], "uv_size": [2, 6]},
								"up": {"uv": [29, 18], "uv_size": [3, 2]},
								"down": {"uv": [29, 23], "uv_size": [3, -2]}
							}
						},
						{
							"origin": [-12, 19, 3.6],
							"size": [4, 2, 1],
							"uv": {
								"north": {"uv": [24, 20], "uv_size": [4, 2]},
								"east": {"uv": [24, 36], "uv_size": [1, 2]},
								"south": {"uv": [24, 23], "uv_size": [4, 2]},
								"west": {"uv": [26, 36], "uv_size": [1, 2]},
								"up": {"uv": [35, 27], "uv_size": [4, 1]},
								"down": {"uv": [35, 30], "uv_size": [4, -1]}
							}
						},
						{
							"origin": [-12, 25, 3.6],
							"size": [4, 2, 1],
							"uv": {
								"north": {"uv": [24, 6], "uv_size": [4, 2]},
								"east": {"uv": [36, 19], "uv_size": [1, 2]},
								"south": {"uv": [24, 9], "uv_size": [4, 2]},
								"west": {"uv": [22, 36], "uv_size": [1, 2]},
								"up": {"uv": [35, 23], "uv_size": [4, 1]},
								"down": {"uv": [35, 26], "uv_size": [4, -1]}
							}
						},
						{
							"origin": [-11.6, 20, 4],
							"size": [3.2, 6, 2],
							"uv": {
								"north": {"uv": [12, 14], "uv_size": [3, 6]},
								"east": {"uv": [15, 21], "uv_size": [2, 6]},
								"south": {"uv": [16, 0], "uv_size": [3, 6]},
								"west": {"uv": [18, 21], "uv_size": [2, 6]},
								"up": {"uv": [27, 29], "uv_size": [3, 2]},
								"down": {"uv": [9, 33], "uv_size": [3, -2]}
							}
						},
						{
							"origin": [-20, 22, 3.6],
							"size": [4, 2, 1],
							"uv": {
								"north": {"uv": [28, 12], "uv_size": [4, 2]},
								"east": {"uv": [7, 37], "uv_size": [1, 2]},
								"south": {"uv": [14, 28], "uv_size": [4, 2]},
								"west": {"uv": [9, 37], "uv_size": [1, 2]},
								"up": {"uv": [0, 36], "uv_size": [4, 1]},
								"down": {"uv": [36, 4], "uv_size": [4, -1]}
							}
						},
						{
							"origin": [-20, 28, 3.6],
							"size": [4, 2, 1],
							"uv": {
								"north": {"uv": [24, 26], "uv_size": [4, 2]},
								"east": {"uv": [28, 36], "uv_size": [1, 2]},
								"south": {"uv": [9, 28], "uv_size": [4, 2]},
								"west": {"uv": [37, 0], "uv_size": [1, 2]},
								"up": {"uv": [30, 35], "uv_size": [4, 1]},
								"down": {"uv": [35, 36], "uv_size": [4, -1]}
							}
						},
						{
							"origin": [-19.6, 23, 4],
							"size": [3.2, 6, 2],
							"uv": {
								"north": {"uv": [16, 7], "uv_size": [3, 6]},
								"east": {"uv": [21, 21], "uv_size": [2, 6]},
								"south": {"uv": [16, 14], "uv_size": [3, 6]},
								"west": {"uv": [0, 22], "uv_size": [2, 6]},
								"up": {"uv": [19, 31], "uv_size": [3, 2]},
								"down": {"uv": [31, 30], "uv_size": [3, -2]}
							}
						},
						{
							"origin": [15, 22, 3.6],
							"size": [4, 2, 1],
							"uv": {
								"north": {"uv": [0, 29], "uv_size": [4, 2]},
								"east": {"uv": [15, 37], "uv_size": [1, 2]},
								"south": {"uv": [29, 0], "uv_size": [4, 2]},
								"west": {"uv": [17, 37], "uv_size": [1, 2]},
								"up": {"uv": [36, 9], "uv_size": [4, 1]},
								"down": {"uv": [36, 12], "uv_size": [4, -1]}
							}
						},
						{
							"origin": [15, 28, 3.6],
							"size": [4, 2, 1],
							"uv": {
								"north": {"uv": [28, 15], "uv_size": [4, 2]},
								"east": {"uv": [11, 37], "uv_size": [1, 2]},
								"south": {"uv": [19, 28], "uv_size": [4, 2]},
								"west": {"uv": [13, 37], "uv_size": [1, 2]},
								"up": {"uv": [36, 5], "uv_size": [4, 1]},
								"down": {"uv": [36, 8], "uv_size": [4, -1]}
							}
						},
						{
							"origin": [15.4, 23, 4],
							"size": [3.2, 6, 2],
							"uv": {
								"north": {"uv": [20, 0], "uv_size": [3, 6]},
								"east": {"uv": [3, 22], "uv_size": [2, 6]},
								"south": {"uv": [20, 7], "uv_size": [3, 6]},
								"west": {"uv": [6, 22], "uv_size": [2, 6]},
								"up": {"uv": [3, 32], "uv_size": [3, 2]},
								"down": {"uv": [32, 8], "uv_size": [3, -2]}
							}
						}
					]
				},
				{
					"name": "lazeri",
					"parent": "lol",
					"pivot": [9, 23, 6],
					"cubes": [
						{
							"origin": [8, 23, 3],
							"size": [2, 0, 3],
							"uv": {
								"north": {"uv": [24, 12], "uv_size": [2, 0]},
								"east": {"uv": [24, 13], "uv_size": [3, 0]},
								"south": {"uv": [9, 26], "uv_size": [2, 0]},
								"west": {"uv": [29, 10], "uv_size": [3, 0]},
								"up": {"uv": [24, 29], "uv_size": [2, 3]},
								"down": {"uv": [29, 27], "uv_size": [2, -3]}
							}
						},
						{
							"origin": [8, 23, 3],
							"size": [2, 0, 3],
							"pivot": [9, 23, 4],
							"rotation": [0, 0, 90],
							"uv": {
								"north": {"uv": [24, 12], "uv_size": [2, 0]},
								"east": {"uv": [24, 13], "uv_size": [3, 0]},
								"south": {"uv": [9, 26], "uv_size": [2, 0]},
								"west": {"uv": [29, 10], "uv_size": [3, 0]},
								"up": {"uv": [24, 29], "uv_size": [2, 3]},
								"down": {"uv": [29, 27], "uv_size": [2, -3]}
							}
						}
					]
				},
				{
					"name": "lazeri2",
					"parent": "lol",
					"pivot": [-10, 23, 6],
					"cubes": [
						{
							"origin": [-11, 23, 3],
							"size": [2, 0, 3],
							"uv": {
								"north": {"uv": [9, 27], "uv_size": [2, 0]},
								"east": {"uv": [29, 11], "uv_size": [3, 0]},
								"south": {"uv": [10, 34], "uv_size": [2, 0]},
								"west": {"uv": [36, 22], "uv_size": [3, 0]},
								"up": {"uv": [13, 31], "uv_size": [2, 3]},
								"down": {"uv": [16, 34], "uv_size": [2, -3]}
							}
						},
						{
							"origin": [-11, 23, 3],
							"size": [2, 0, 3],
							"pivot": [-10, 23, 4],
							"rotation": [0, 0, 90],
							"uv": {
								"north": {"uv": [9, 27], "uv_size": [2, 0]},
								"east": {"uv": [29, 11], "uv_size": [3, 0]},
								"south": {"uv": [10, 34], "uv_size": [2, 0]},
								"west": {"uv": [36, 22], "uv_size": [3, 0]},
								"up": {"uv": [13, 31], "uv_size": [2, 3]},
								"down": {"uv": [16, 34], "uv_size": [2, -3]}
							}
						}
					]
				},
				{
					"name": "lazeri3",
					"parent": "lol",
					"pivot": [-18, 26, 6],
					"cubes": [
						{
							"origin": [-19, 26, 3],
							"size": [2, 0, 3],
							"uv": {
								"north": {"uv": [19, 37], "uv_size": [2, 0]},
								"east": {"uv": [30, 37], "uv_size": [3, 0]},
								"south": {"uv": [34, 37], "uv_size": [2, 0]},
								"west": {"uv": [37, 37], "uv_size": [3, 0]},
								"up": {"uv": [31, 31], "uv_size": [2, 3]},
								"down": {"uv": [0, 35], "uv_size": [2, -3]}
							}
						},
						{
							"origin": [-19, 26, 3],
							"size": [2, 0, 3],
							"pivot": [-18, 26, 4],
							"rotation": [0, 0, 90],
							"uv": {
								"north": {"uv": [19, 37], "uv_size": [2, 0]},
								"east": {"uv": [30, 37], "uv_size": [3, 0]},
								"south": {"uv": [34, 37], "uv_size": [2, 0]},
								"west": {"uv": [37, 37], "uv_size": [3, 0]},
								"up": {"uv": [31, 31], "uv_size": [2, 3]},
								"down": {"uv": [0, 35], "uv_size": [2, -3]}
							}
						}
					]
				},
				{
					"name": "lazeri4",
					"parent": "lol",
					"pivot": [17, 26, 6],
					"cubes": [
						{
							"origin": [16, 26, 3],
							"size": [2, 0, 3],
							"uv": {
								"north": {"uv": [0, 38], "uv_size": [2, 0]},
								"east": {"uv": [3, 38], "uv_size": [3, 0]},
								"south": {"uv": [38, 13], "uv_size": [2, 0]},
								"west": {"uv": [38, 14], "uv_size": [3, 0]},
								"up": {"uv": [32, 24], "uv_size": [2, 3]},
								"down": {"uv": [27, 35], "uv_size": [2, -3]}
							}
						},
						{
							"origin": [16, 26, 3],
							"size": [2, 0, 3],
							"pivot": [17, 26, 4],
							"rotation": [0, 0, 90],
							"uv": {
								"north": {"uv": [0, 38], "uv_size": [2, 0]},
								"east": {"uv": [3, 38], "uv_size": [3, 0]},
								"south": {"uv": [38, 13], "uv_size": [2, 0]},
								"west": {"uv": [38, 14], "uv_size": [3, 0]},
								"up": {"uv": [32, 24], "uv_size": [2, 3]},
								"down": {"uv": [27, 35], "uv_size": [2, -3]}
							}
						}
					]
				},
				{
					"name": "react",
					"parent": "Body",
					"pivot": [0, 22, 2],
					"cubes": [
						{
							"origin": [-1, 21, -1],
							"size": [2, 2, 3],
							"uv": {
								"north": {"uv": [34, 0], "uv_size": [2, 2]},
								"east": {"uv": [29, 3], "uv_size": [3, 2]},
								"south": {"uv": [7, 34], "uv_size": [2, 2]},
								"west": {"uv": [5, 29], "uv_size": [3, 2]},
								"up": {"uv": [9, 22], "uv_size": [2, 3]},
								"down": {"uv": [29, 9], "uv_size": [2, -3]}
							}
						}
					]
				},
				{
					"name": "RightArm",
					"parent": "Body",
					"pivot": [-5, 22, 0]
				},
				{
					"name": "rr",
					"parent": "RightArm",
					"pivot": [-6, 23, 0],
					"cubes": [
						{
							"origin": [-7, 13, -1],
							"size": [2, 10, 2],
							"uv": {
								"north": {"uv": [0, 0], "uv_size": [2, 10]},
								"east": {"uv": [3, 0], "uv_size": [2, 10]},
								"south": {"uv": [6, 0], "uv_size": [2, 10]},
								"west": {"uv": [9, 0], "uv_size": [2, 10]},
								"up": {"uv": [33, 3], "uv_size": [2, 2]},
								"down": {"uv": [33, 19], "uv_size": [2, -2]}
							}
						}
					]
				},
				{
					"name": "LeftArm",
					"parent": "Body",
					"pivot": [5, 22, 0]
				},
				{
					"name": "rr2",
					"parent": "LeftArm",
					"pivot": [6, 23, 0],
					"cubes": [
						{
							"origin": [5, 13, -1],
							"size": [2, 10, 2],
							"uv": {
								"north": {"uv": [0, 11], "uv_size": [2, 10]},
								"east": {"uv": [3, 11], "uv_size": [2, 10]},
								"south": {"uv": [6, 11], "uv_size": [2, 10]},
								"west": {"uv": [9, 11], "uv_size": [2, 10]},
								"up": {"uv": [33, 20], "uv_size": [2, 2]},
								"down": {"uv": [23, 35], "uv_size": [2, -2]}
							}
						}
					]
				}
			]
		}
	]
}