{
	"format_version": "1.12.0",
	"minecraft:geometry": [
		{
			"description": {
				"identifier": "geometry.rlayer",
				"texture_width": 64,
				"texture_height": 64,
				"visible_bounds_width": 4,
				"visible_bounds_height": 3.5,
				"visible_bounds_offset": [0, 1.25, 0]
			},
			"bones": [
				{
					"name": "root",
					"pivot": [0, 0, 0]
				},
				{
					"name": "waist",
					"parent": "root",
					"pivot": [0, 0, 0]
				},
				{
					"name": "Body",
					"parent": "waist",
					"pivot": [0, 24, 0]
				},
				{
					"name": "react",
					"parent": "Body",
					"pivot": [0, 22, 2],
					"cubes": [
						{
							"origin": [-1.5, 20.5, -1.5],
							"size": [3, 3, 3.5],
							"uv": {
								"north": {"uv": [34, 0], "uv_size": [2, 2]},
								"east": {"uv": [29, 3], "uv_size": [3, 2]},
								"south": {"uv": [7, 34], "uv_size": [2, 2]},
								"west": {"uv": [5, 29], "uv_size": [3, 2]},
								"up": {"uv": [9, 22], "uv_size": [2, 3]},
								"down": {"uv": [29, 9], "uv_size": [2, -3]}
							}
						}
					]
				},
				{
					"name": "RightArm",
					"parent": "Body",
					"pivot": [-5, 22, 0]
				},
				{
					"name": "rr",
					"parent": "RightArm",
					"pivot": [-6, 23, 0],
					"cubes": [
						{
							"origin": [-7.5, 12.6, -1.5],
							"size": [3, 10.4, 3],
							"uv": {
								"north": {"uv": [0, 0], "uv_size": [2, 10]},
								"east": {"uv": [3, 0], "uv_size": [2, 10]},
								"south": {"uv": [6, 0], "uv_size": [2, 10]},
								"west": {"uv": [9, 0], "uv_size": [2, 10]},
								"up": {"uv": [33, 3], "uv_size": [2, 2]},
								"down": {"uv": [33, 19], "uv_size": [2, -2]}
							}
						}
					]
				},
				{
					"name": "LeftArm",
					"parent": "Body",
					"pivot": [5, 22, 0]
				},
				{
					"name": "rr2",
					"parent": "LeftArm",
					"pivot": [6, 23, 0],
					"cubes": [
						{
							"origin": [4.5, 12.7, -1.5],
							"size": [3, 10.3, 3],
							"uv": {
								"north": {"uv": [0, 11], "uv_size": [2, 10]},
								"east": {"uv": [3, 11], "uv_size": [2, 10]},
								"south": {"uv": [6, 11], "uv_size": [2, 10]},
								"west": {"uv": [9, 11], "uv_size": [2, 10]},
								"up": {"uv": [33, 20], "uv_size": [2, 2]},
								"down": {"uv": [23, 35], "uv_size": [2, -2]}
							}
						}
					]
				}
			]
		}
	]
}