{
	"format_version": "1.12.0",
	"minecraft:geometry": [
		{
			"description": {
				"identifier": "geometry.mc_superior",
				"texture_width": 128,
				"texture_height": 128,
				"visible_bounds_width": 3,
				"visible_bounds_height": 3.5,
				"visible_bounds_offset": [0, 1.25, 0]
			},
			"bones": [
				{
					"name": "root",
					"pivot": [0, 0, 0]
				},
				{
					"name": "RightLeg",
					"parent": "root",
					"pivot": [-1.9, 12, 0],
					"cubes": [
						{
							"origin": [-3.9, 0, -2],
							"size": [4, 12, 4],
							"inflate": 0.15,
							"uv": {
								"north": {"uv": [9, 20], "uv_size": [4, 12]},
								"east": {"uv": [13, 20], "uv_size": [4, 12]},
								"south": {"uv": [17, 22], "uv_size": [4, 12]},
								"west": {"uv": [21, 22], "uv_size": [4, 12]},
								"up": {"uv": [45, 39], "uv_size": [4, 4]},
								"down": {"uv": [45, 47], "uv_size": [4, -4]}
							}
						},
						{
							"origin": [-4.2, -0.2, -2.3],
							"size": [4.6, 3.1, 4.6],
							"inflate": 0.15,
							"uv": {
								"north": {"uv": [31, 51], "uv_size": [5, 3]},
								"east": {"uv": [45, 51], "uv_size": [5, 3]},
								"south": {"uv": [50, 51], "uv_size": [5, 3]},
								"west": {"uv": [53, 5], "uv_size": [5, 3]},
								"up": {"uv": [40, 34], "uv_size": [5, 5]},
								"down": {"uv": [40, 44], "uv_size": [5, -5]}
							}
						},
						{
							"origin": [-3.1, 2.9, -2.3],
							"size": [2.4, 0.9, 4.6],
							"inflate": 0.15,
							"uv": {
								"north": {"uv": [68, 50], "uv_size": [2, 1]},
								"east": {"uv": [62, 49], "uv_size": [5, 1]},
								"south": {"uv": [51, 68], "uv_size": [2, 1]},
								"west": {"uv": [62, 50], "uv_size": [5, 1]},
								"up": {"uv": [25, 56], "uv_size": [2, 5]},
								"down": {"uv": [42, 61], "uv_size": [2, -5]}
							}
						},
						{
							"origin": [-4, 7.4, -0.6],
							"size": [3.6, 2.2, 3],
							"inflate": 0.15,
							"uv": {
								"north": {"uv": [68, 50], "uv_size": [2, 1]},
								"east": {"uv": [62, 49], "uv_size": [5, 1]},
								"south": {"uv": [51, 68], "uv_size": [2, 1]},
								"west": {"uv": [62, 50], "uv_size": [5, 1]},
								"up": {"uv": [25, 56], "uv_size": [2, 5]},
								"down": {"uv": [42, 61], "uv_size": [2, -5]}
							}
						},
						{
							"origin": [-3.1, 7.6, -2.3],
							"size": [2.4, 3.4, 4.6],
							"inflate": 0.15,
							"uv": {
								"north": {"uv": [61, 34], "uv_size": [2, 3]},
								"east": {"uv": [53, 32], "uv_size": [5, 3]},
								"south": {"uv": [35, 61], "uv_size": [2, 3]},
								"west": {"uv": [39, 53], "uv_size": [5, 3]},
								"up": {"uv": [17, 57], "uv_size": [2, 5]},
								"down": {"uv": [57, 23], "uv_size": [2, -5]}
							}
						},
						{
							"origin": [-4.2, 7.6, -1.4],
							"size": [1.3, 3.4, 2.9],
							"inflate": 0.15,
							"uv": {
								"north": {"uv": [60, 64], "uv_size": [1, 3]},
								"east": {"uv": [12, 58], "uv_size": [3, 3]},
								"south": {"uv": [61, 64], "uv_size": [1, 3]},
								"west": {"uv": [58, 15], "uv_size": [3, 3]},
								"up": {"uv": [12, 65], "uv_size": [1, 3]},
								"down": {"uv": [13, 68], "uv_size": [1, -3]}
							}
						},
						{
							"origin": [-4.3, -0.1, -1.4],
							"size": [1.3, 3.6, 2.9],
							"inflate": 0.15,
							"uv": {
								"north": {"uv": [65, 15], "uv_size": [1, 3]},
								"east": {"uv": [19, 58], "uv_size": [3, 3]},
								"south": {"uv": [65, 18], "uv_size": [1, 3]},
								"west": {"uv": [58, 23], "uv_size": [3, 3]},
								"up": {"uv": [65, 30], "uv_size": [1, 3]},
								"down": {"uv": [65, 36], "uv_size": [1, -3]}
							}
						},
						{
							"origin": [-3.9, 6.9, -2.3],
							"size": [0.7, 4.1, 4.6],
							"pivot": [-0.8, 8.1, 0],
							"rotation": [0, 0, -6],
							"uv": {
								"north": {"uv": [63, 28], "uv_size": [1, 4]},
								"east": {"uv": [45, 14], "uv_size": [5, 4]},
								"south": {"uv": [63, 32], "uv_size": [1, 4]},
								"west": {"uv": [45, 18], "uv_size": [5, 4]},
								"up": {"uv": [15, 62], "uv_size": [1, 5]},
								"down": {"uv": [16, 67], "uv_size": [1, -5]}
							}
						},
						{
							"origin": [-2.9, 6.9, -2.3],
							"size": [0.7, 2.2, 4.6],
							"pivot": [0.2, 6.2, 0],
							"rotation": [0, 0, -17],
							"uv": {
								"north": {"uv": [53, 68], "uv_size": [1, 2]},
								"east": {"uv": [24, 34], "uv_size": [5, 2]},
								"south": {"uv": [54, 68], "uv_size": [1, 2]},
								"west": {"uv": [38, 10], "uv_size": [5, 2]},
								"up": {"uv": [17, 62], "uv_size": [1, 5]},
								"down": {"uv": [18, 67], "uv_size": [1, -5]}
							}
						}
					]
				},
				{
					"name": "LeftLeg",
					"parent": "root",
					"pivot": [1.9, 12, 0],
					"cubes": [
						{
							"origin": [-0.1, 0, -2],
							"size": [4, 12, 4],
							"inflate": 0.15,
							"uv": {
								"north": {"uv": [25, 22], "uv_size": [4, 12]},
								"east": {"uv": [0, 26], "uv_size": [4, 12]},
								"south": {"uv": [26, 0], "uv_size": [4, 12]},
								"west": {"uv": [4, 26], "uv_size": [4, 12]},
								"up": {"uv": [16, 46], "uv_size": [4, 4]},
								"down": {"uv": [20, 50], "uv_size": [4, -4]}
							}
						},
						{
							"origin": [-0.4, -0.2, -2.3],
							"size": [4.6, 3.1, 4.6],
							"inflate": 0.15,
							"uv": {
								"north": {"uv": [53, 8], "uv_size": [5, 3]},
								"east": {"uv": [53, 23], "uv_size": [5, 3]},
								"south": {"uv": [53, 26], "uv_size": [5, 3]},
								"west": {"uv": [53, 29], "uv_size": [5, 3]},
								"up": {"uv": [0, 42], "uv_size": [5, 5]},
								"down": {"uv": [24, 47], "uv_size": [5, -5]}
							}
						},
						{
							"origin": [0.7, 2.9, -2.3],
							"size": [2.4, 0.9, 4.6],
							"inflate": 0.15,
							"uv": {
								"north": {"uv": [68, 51], "uv_size": [2, 1]},
								"east": {"uv": [62, 51], "uv_size": [5, 1]},
								"south": {"uv": [68, 52], "uv_size": [2, 1]},
								"west": {"uv": [62, 52], "uv_size": [5, 1]},
								"up": {"uv": [57, 0], "uv_size": [2, 5]},
								"down": {"uv": [15, 62], "uv_size": [2, -5]}
							}
						},
						{
							"origin": [0.2, 7.4, -0.5],
							"size": [3.7, 2.2, 2.9],
							"inflate": 0.15,
							"uv": {
								"north": {"uv": [68, 51], "uv_size": [2, 1]},
								"east": {"uv": [62, 51], "uv_size": [5, 1]},
								"south": {"uv": [68, 52], "uv_size": [2, 1]},
								"west": {"uv": [62, 52], "uv_size": [5, 1]},
								"up": {"uv": [57, 0], "uv_size": [2, 5]},
								"down": {"uv": [15, 62], "uv_size": [2, -5]}
							}
						},
						{
							"origin": [0.7, 7.6, -2.3],
							"size": [2.4, 3.4, 4.6],
							"inflate": 0.15,
							"uv": {
								"north": {"uv": [42, 61], "uv_size": [2, 3]},
								"east": {"uv": [53, 39], "uv_size": [5, 3]},
								"south": {"uv": [61, 45], "uv_size": [2, 3]},
								"west": {"uv": [53, 42], "uv_size": [5, 3]},
								"up": {"uv": [31, 57], "uv_size": [2, 5]},
								"down": {"uv": [33, 62], "uv_size": [2, -5]}
							}
						},
						{
							"origin": [2.9, 7.6, -1.4],
							"size": [1.3, 3.4, 3.2],
							"inflate": 0.15,
							"uv": {
								"north": {"uv": [44, 65], "uv_size": [1, 3]},
								"east": {"uv": [58, 26], "uv_size": [3, 3]},
								"south": {"uv": [45, 65], "uv_size": [1, 3]},
								"west": {"uv": [27, 58], "uv_size": [3, 3]},
								"up": {"uv": [46, 65], "uv_size": [1, 3]},
								"down": {"uv": [47, 68], "uv_size": [1, -3]}
							}
						},
						{
							"origin": [3, -0.1, -1.4],
							"size": [1.3, 3.4, 3.2],
							"inflate": 0.15,
							"uv": {
								"north": {"uv": [48, 65], "uv_size": [1, 3]},
								"east": {"uv": [58, 29], "uv_size": [3, 3]},
								"south": {"uv": [49, 65], "uv_size": [1, 3]},
								"west": {"uv": [58, 32], "uv_size": [3, 3]},
								"up": {"uv": [50, 65], "uv_size": [1, 3]},
								"down": {"uv": [51, 68], "uv_size": [1, -3]}
							}
						},
						{
							"origin": [3.1, 7.4, -2.3],
							"size": [0.8, 3.6, 4.6],
							"pivot": [0.8, 8.1, 0],
							"rotation": [0, 0, 9],
							"uv": {
								"north": {"uv": [58, 63], "uv_size": [1, 4]},
								"east": {"uv": [45, 22], "uv_size": [5, 4]},
								"south": {"uv": [59, 63], "uv_size": [1, 4]},
								"west": {"uv": [45, 26], "uv_size": [5, 4]},
								"up": {"uv": [29, 62], "uv_size": [1, 5]},
								"down": {"uv": [31, 67], "uv_size": [1, -5]}
							}
						},
						{
							"origin": [1.9, 6.8, -2.3],
							"size": [0.8, 1.5, 4.6],
							"pivot": [-0.4, 5.6, 0],
							"rotation": [0, 0, 14],
							"uv": {
								"north": {"uv": [68, 54], "uv_size": [1, 2]},
								"east": {"uv": [57, 11], "uv_size": [5, 2]},
								"south": {"uv": [55, 68], "uv_size": [1, 2]},
								"west": {"uv": [57, 13], "uv_size": [5, 2]},
								"up": {"uv": [32, 62], "uv_size": [1, 5]},
								"down": {"uv": [33, 67], "uv_size": [1, -5]}
							}
						}
					]
				},
				{
					"name": "waist",
					"parent": "root",
					"pivot": [0, 0, 0]
				},
				{
					"name": "Body",
					"parent": "waist",
					"pivot": [0, 24, 0],
					"cubes": [
						{
							"origin": [-4, 12, -2],
							"size": [8, 12, 4],
							"inflate": 0.15,
							"uv": {
								"north": {"uv": [0, 0], "uv_size": [8, 12]},
								"east": {"uv": [29, 12], "uv_size": [4, 12]},
								"south": {"uv": [8, 0], "uv_size": [8, 12]},
								"west": {"uv": [29, 24], "uv_size": [4, 12]},
								"up": {"uv": [37, 22], "uv_size": [8, 4]},
								"down": {"uv": [37, 30], "uv_size": [8, -4]}
							}
						},
						{
							"origin": [-4, 18.7, -2.2],
							"size": [8, 5.3, 4.4],
							"inflate": 0.15,
							"uv": {
								"north": {"uv": [37, 12], "uv_size": [8, 5]},
								"east": {"uv": [41, 44], "uv_size": [4, 5]},
								"south": {"uv": [37, 17], "uv_size": [8, 5]},
								"west": {"uv": [45, 9], "uv_size": [4, 5]},
								"up": {"uv": [37, 30], "uv_size": [8, 4]},
								"down": {"uv": [0, 42], "uv_size": [8, -4]}
							}
						},
						{
							"origin": [-2.5, 13.4, 1.8],
							"size": [5, 5.3, 0.4],
							"inflate": 0.15,
							"uv": {
								"north": {"uv": [38, 0], "uv_size": [5, 5]},
								"east": {"uv": [36, 45], "uv_size": [1, 5]},
								"south": {"uv": [38, 5], "uv_size": [5, 5]},
								"west": {"uv": [37, 61], "uv_size": [1, 5]},
								"up": {"uv": [62, 43], "uv_size": [5, 1]},
								"down": {"uv": [62, 45], "uv_size": [5, -1]}
							}
						},
						{
							"origin": [-4, 12.1, -2.5],
							"size": [3, 1, 4.7],
							"pivot": [-4, 13, 0],
							"rotation": [0, 0, 10],
							"uv": {
								"north": {"uv": [64, 63], "uv_size": [3, 1]},
								"east": {"uv": [61, 37], "uv_size": [5, 1]},
								"south": {"uv": [64, 64], "uv_size": [3, 1]},
								"west": {"uv": [61, 48], "uv_size": [5, 1]},
								"up": {"uv": [50, 23], "uv_size": [3, 5]},
								"down": {"uv": [28, 55], "uv_size": [3, -5]}
							}
						},
						{
							"origin": [0.9, 10.6, -2.5],
							"size": [3, 1, 4.7],
							"pivot": [-4, 13, 0],
							"rotation": [0, 0, -10],
							"uv": {
								"north": {"uv": [6, 65], "uv_size": [3, 1]},
								"east": {"uv": [62, 14], "uv_size": [5, 1]},
								"south": {"uv": [65, 8], "uv_size": [3, 1]},
								"west": {"uv": [24, 62], "uv_size": [5, 1]},
								"up": {"uv": [36, 50], "uv_size": [3, 5]},
								"down": {"uv": [0, 56], "uv_size": [3, -5]}
							}
						},
						{
							"origin": [-1.4, 11.6, -2.5],
							"size": [3, 1, 4.7],
							"uv": {
								"north": {"uv": [9, 65], "uv_size": [3, 1]},
								"east": {"uv": [62, 41], "uv_size": [5, 1]},
								"south": {"uv": [65, 9], "uv_size": [3, 1]},
								"west": {"uv": [62, 42], "uv_size": [5, 1]},
								"up": {"uv": [51, 0], "uv_size": [3, 5]},
								"down": {"uv": [24, 56], "uv_size": [3, -5]}
							}
						},
						{
							"origin": [-2.7, 16.4, -2.2],
							"size": [5.5, 0.6, 0.5],
							"inflate": 0.15,
							"uv": {
								"north": {"uv": [24, 61], "uv_size": [6, 1]},
								"east": {"uv": [63, 8], "uv_size": [1, 1]},
								"south": {"uv": [61, 25], "uv_size": [6, 1]},
								"west": {"uv": [69, 36], "uv_size": [1, 1]},
								"up": {"uv": [61, 26], "uv_size": [6, 1]},
								"down": {"uv": [61, 28], "uv_size": [6, -1]}
							}
						},
						{
							"origin": [-2.3, 15, -2.2],
							"size": [1.8, 0.9, 0.5],
							"inflate": 0.15,
							"uv": {
								"north": {"uv": [16, 67], "uv_size": [2, 1]},
								"east": {"uv": [69, 39], "uv_size": [1, 1]},
								"south": {"uv": [67, 16], "uv_size": [2, 1]},
								"west": {"uv": [69, 43], "uv_size": [1, 1]},
								"up": {"uv": [67, 17], "uv_size": [2, 1]},
								"down": {"uv": [67, 19], "uv_size": [2, -1]}
							}
						},
						{
							"origin": [0.4, 15, -2.2],
							"size": [1.9, 0.9, 0.5],
							"inflate": 0.15,
							"uv": {
								"north": {"uv": [67, 19], "uv_size": [2, 1]},
								"east": {"uv": [44, 69], "uv_size": [1, 1]},
								"south": {"uv": [67, 20], "uv_size": [2, 1]},
								"west": {"uv": [69, 44], "uv_size": [1, 1]},
								"up": {"uv": [21, 67], "uv_size": [2, 1]},
								"down": {"uv": [67, 22], "uv_size": [2, -1]}
							}
						},
						{
							"origin": [-1.1, 21.8, -2.4],
							"size": [2.2, 0.8, 0.9],
							"inflate": 0.15,
							"uv": {
								"north": {"uv": [24, 6], "uv_size": [2, 2]},
								"east": {"uv": [23, 67], "uv_size": [1, 2]},
								"south": {"uv": [47, 7], "uv_size": [2, 2]},
								"west": {"uv": [24, 67], "uv_size": [1, 2]},
								"up": {"uv": [67, 24], "uv_size": [2, 1]},
								"down": {"uv": [25, 68], "uv_size": [2, -1]}
							}
						},
						{
							"origin": [-0.9, 21.3, -2.4],
							"size": [1.775, 0.8, 0.9],
							"inflate": 0.15,
							"uv": {
								"north": {"uv": [24, 6], "uv_size": [2, 2]},
								"east": {"uv": [23, 67], "uv_size": [1, 2]},
								"south": {"uv": [47, 7], "uv_size": [2, 2]},
								"west": {"uv": [24, 67], "uv_size": [1, 2]},
								"up": {"uv": [67, 24], "uv_size": [2, 1]},
								"down": {"uv": [25, 68], "uv_size": [2, -1]}
							}
						},
						{
							"origin": [-0.5, 21.1, -2.4],
							"size": [0.975, 0.8, 0.9],
							"inflate": 0.15,
							"uv": {
								"north": {"uv": [24, 6], "uv_size": [2, 2]},
								"east": {"uv": [23, 67], "uv_size": [1, 2]},
								"south": {"uv": [47, 7], "uv_size": [2, 2]},
								"west": {"uv": [24, 67], "uv_size": [1, 2]},
								"up": {"uv": [67, 24], "uv_size": [2, 1]},
								"down": {"uv": [25, 68], "uv_size": [2, -1]}
							}
						},
						{
							"origin": [0.4, 13.7, -2.2],
							"size": [1.4, 0.9, 0.5],
							"inflate": 0.15,
							"uv": {
								"north": {"uv": [49, 69], "uv_size": [1, 1]},
								"east": {"uv": [69, 49], "uv_size": [1, 1]},
								"south": {"uv": [51, 69], "uv_size": [1, 1]},
								"west": {"uv": [52, 69], "uv_size": [1, 1]},
								"up": {"uv": [69, 53], "uv_size": [1, 1]},
								"down": {"uv": [69, 55], "uv_size": [1, -1]}
							}
						},
						{
							"origin": [-1.7, 13.7, -2.2],
							"size": [1.2, 0.9, 0.5],
							"inflate": 0.15,
							"uv": {
								"north": {"uv": [45, 69], "uv_size": [1, 1]},
								"east": {"uv": [69, 45], "uv_size": [1, 1]},
								"south": {"uv": [46, 69], "uv_size": [1, 1]},
								"west": {"uv": [69, 46], "uv_size": [1, 1]},
								"up": {"uv": [48, 69], "uv_size": [1, 1]},
								"down": {"uv": [69, 49], "uv_size": [1, -1]}
							}
						},
						{
							"origin": [-0.8, 11.8, -2.5],
							"size": [1.6, 0.9, 1.2],
							"inflate": 0.15,
							"uv": {
								"north": {"uv": [67, 28], "uv_size": [2, 1]},
								"east": {"uv": [69, 63], "uv_size": [1, 1]},
								"south": {"uv": [67, 29], "uv_size": [2, 1]},
								"west": {"uv": [64, 69], "uv_size": [1, 1]},
								"up": {"uv": [30, 67], "uv_size": [2, 1]},
								"down": {"uv": [67, 31], "uv_size": [2, -1]}
							}
						},
						{
							"origin": [0.3, 12.6, -2.2],
							"size": [1.4, 0.5, 0.5],
							"inflate": 0.15,
							"uv": {
								"north": {"uv": [69, 59], "uv_size": [1, 1]},
								"east": {"uv": [60, 69], "uv_size": [1, 1]},
								"south": {"uv": [69, 60], "uv_size": [1, 1]},
								"west": {"uv": [61, 69], "uv_size": [1, 1]},
								"up": {"uv": [62, 69], "uv_size": [1, 1]},
								"down": {"uv": [63, 70], "uv_size": [1, -1]}
							}
						},
						{
							"origin": [-0.5, 15.9, -2.3],
							"size": [0.9, 1.7, 2.2],
							"inflate": 0.15,
							"uv": {
								"north": {"uv": [56, 64], "uv_size": [1, 3]},
								"east": {"uv": [61, 28], "uv_size": [2, 3]},
								"south": {"uv": [57, 64], "uv_size": [1, 3]},
								"west": {"uv": [61, 31], "uv_size": [2, 3]},
								"up": {"uv": [18, 67], "uv_size": [1, 2]},
								"down": {"uv": [67, 24], "uv_size": [1, -2]}
							}
						},
						{
							"origin": [-3.3, 18.4, -2.4],
							"size": [2, 0.4, 1.4],
							"pivot": [-2.8, 18.4, 0],
							"rotation": [0, 0, -12],
							"uv": {
								"north": {"uv": [56, 64], "uv_size": [1, 3]},
								"east": {"uv": [61, 28], "uv_size": [2, 3]},
								"south": {"uv": [57, 64], "uv_size": [1, 3]},
								"west": {"uv": [61, 31], "uv_size": [2, 3]},
								"up": {"uv": [18, 67], "uv_size": [1, 2]},
								"down": {"uv": [67, 24], "uv_size": [1, -2]}
							}
						},
						{
							"origin": [1.4, 18.7, -2.4],
							"size": [2, 0.4, 1.4],
							"pivot": [1.9, 18.7, 0],
							"rotation": [0, 0, 12],
							"uv": {
								"north": {"uv": [56, 64], "uv_size": [1, 3]},
								"east": {"uv": [61, 28], "uv_size": [2, 3]},
								"south": {"uv": [57, 64], "uv_size": [1, 3]},
								"west": {"uv": [61, 31], "uv_size": [2, 3]},
								"up": {"uv": [18, 67], "uv_size": [1, 2]},
								"down": {"uv": [67, 24], "uv_size": [1, -2]}
							}
						},
						{
							"origin": [-4.4, 22.7, -2.4],
							"size": [3.1, 0.4, 1.4],
							"pivot": [-2.8, 22.7, 0],
							"rotation": [0, 0, 9],
							"uv": {
								"north": {"uv": [56, 64], "uv_size": [1, 3]},
								"east": {"uv": [61, 28], "uv_size": [2, 3]},
								"south": {"uv": [57, 64], "uv_size": [1, 3]},
								"west": {"uv": [61, 31], "uv_size": [2, 3]},
								"up": {"uv": [18, 67], "uv_size": [1, 2]},
								"down": {"uv": [67, 24], "uv_size": [1, -2]}
							}
						},
						{
							"origin": [1, 22.7, -2.4],
							"size": [3.6, 0.4, 1.4],
							"pivot": [1.9, 22.7, 0],
							"rotation": [0, 0, -13],
							"uv": {
								"north": {"uv": [56, 64], "uv_size": [1, 3]},
								"east": {"uv": [61, 28], "uv_size": [2, 3]},
								"south": {"uv": [57, 64], "uv_size": [1, 3]},
								"west": {"uv": [61, 31], "uv_size": [2, 3]},
								"up": {"uv": [18, 67], "uv_size": [1, 2]},
								"down": {"uv": [67, 24], "uv_size": [1, -2]}
							}
						},
						{
							"origin": [-1.5, 12.6, -2.2],
							"size": [1.2, 0.5, 0.5],
							"inflate": 0.15,
							"uv": {
								"north": {"uv": [69, 55], "uv_size": [1, 1]},
								"east": {"uv": [56, 69], "uv_size": [1, 1]},
								"south": {"uv": [69, 56], "uv_size": [1, 1]},
								"west": {"uv": [57, 69], "uv_size": [1, 1]},
								"up": {"uv": [58, 69], "uv_size": [1, 1]},
								"down": {"uv": [59, 70], "uv_size": [1, -1]}
							}
						},
						{
							"origin": [-1.8, 16.9, -2.2],
							"size": [3, 2.1, 0.5],
							"inflate": 0.15,
							"pivot": [0, 13.2, 0],
							"rotation": [0, 0, -14],
							"uv": {
								"north": {"uv": [37, 42], "uv_size": [3, 2]},
								"east": {"uv": [8, 67], "uv_size": [1, 2]},
								"south": {"uv": [50, 28], "uv_size": [3, 2]},
								"west": {"uv": [14, 67], "uv_size": [1, 2]},
								"up": {"uv": [44, 64], "uv_size": [3, 1]},
								"down": {"uv": [47, 65], "uv_size": [3, -1]}
							}
						},
						{
							"origin": [-0.8, 16.9, -2.2],
							"size": [3, 2.1, 0.5],
							"inflate": 0.15,
							"pivot": [0, 13.2, 0],
							"rotation": [0, 0, 10],
							"uv": {
								"north": {"uv": [61, 9], "uv_size": [3, 2]},
								"east": {"uv": [67, 14], "uv_size": [1, 2]},
								"south": {"uv": [61, 23], "uv_size": [3, 2]},
								"west": {"uv": [15, 67], "uv_size": [1, 2]},
								"up": {"uv": [50, 64], "uv_size": [3, 1]},
								"down": {"uv": [53, 65], "uv_size": [3, -1]}
							}
						},
						{
							"origin": [1.6, 12.8, -2.4],
							"size": [1, 1, 2],
							"pivot": [2.6, 13.6, -1],
							"rotation": [-92.79277, -48.29315, 57.64574],
							"uv": {
								"north": {"uv": [69, 64], "uv_size": [1, 1]},
								"east": {"uv": [67, 31], "uv_size": [2, 1]},
								"south": {"uv": [65, 69], "uv_size": [1, 1]},
								"west": {"uv": [32, 67], "uv_size": [2, 1]},
								"up": {"uv": [67, 32], "uv_size": [1, 2]},
								"down": {"uv": [67, 36], "uv_size": [1, -2]}
							}
						},
						{
							"origin": [1.6, 13.7, -2.4],
							"size": [1, 1, 2],
							"pivot": [2.6, 14.5, -1],
							"rotation": [-92.79277, -48.29315, 57.64574],
							"uv": {
								"north": {"uv": [69, 65], "uv_size": [1, 1]},
								"east": {"uv": [35, 67], "uv_size": [2, 1]},
								"south": {"uv": [66, 69], "uv_size": [1, 1]},
								"west": {"uv": [67, 36], "uv_size": [2, 1]},
								"up": {"uv": [67, 37], "uv_size": [1, 2]},
								"down": {"uv": [38, 69], "uv_size": [1, -2]}
							}
						},
						{
							"origin": [1.6, 14.4, -2.4],
							"size": [1, 1, 2],
							"pivot": [2.6, 15.2, -1],
							"rotation": [-92.79277, -48.29315, 57.64574],
							"uv": {
								"north": {"uv": [69, 66], "uv_size": [1, 1]},
								"east": {"uv": [39, 67], "uv_size": [2, 1]},
								"south": {"uv": [67, 69], "uv_size": [1, 1]},
								"west": {"uv": [67, 39], "uv_size": [2, 1]},
								"up": {"uv": [41, 67], "uv_size": [1, 2]},
								"down": {"uv": [67, 43], "uv_size": [1, -2]}
							}
						},
						{
							"origin": [1.6, 15.2, -2.4],
							"size": [1, 1, 2],
							"pivot": [2.6, 16, -1],
							"rotation": [-92.79277, -48.29315, 57.64574],
							"uv": {
								"north": {"uv": [69, 67], "uv_size": [1, 1]},
								"east": {"uv": [42, 67], "uv_size": [2, 1]},
								"south": {"uv": [68, 69], "uv_size": [1, 1]},
								"west": {"uv": [67, 43], "uv_size": [2, 1]},
								"up": {"uv": [67, 49], "uv_size": [1, 2]},
								"down": {"uv": [67, 53], "uv_size": [1, -2]}
							}
						},
						{
							"origin": [1.6, 16.1, -2.4],
							"size": [1, 1, 2],
							"pivot": [2.6, 16.9, -1],
							"rotation": [-92.79277, -48.29315, 57.64574],
							"uv": {
								"north": {"uv": [69, 68], "uv_size": [1, 1]},
								"east": {"uv": [67, 44], "uv_size": [2, 1]},
								"south": {"uv": [69, 69], "uv_size": [1, 1]},
								"west": {"uv": [67, 53], "uv_size": [2, 1]},
								"up": {"uv": [67, 54], "uv_size": [1, 2]},
								"down": {"uv": [56, 69], "uv_size": [1, -2]}
							}
						},
						{
							"origin": [1.6, 12.8, 0.7],
							"size": [1, 1, 2],
							"pivot": [2.6, 13.6, 2.1],
							"rotation": [-92.79277, -48.29315, 57.64574],
							"uv": {
								"north": {"uv": [19, 70], "uv_size": [1, 1]},
								"east": {"uv": [68, 47], "uv_size": [2, 1]},
								"south": {"uv": [21, 70], "uv_size": [1, 1]},
								"west": {"uv": [48, 68], "uv_size": [2, 1]},
								"up": {"uv": [68, 48], "uv_size": [1, 2]},
								"down": {"uv": [50, 70], "uv_size": [1, -2]}
							}
						},
						{
							"origin": [1.6, 13.7, 0.7],
							"size": [1, 1, 2],
							"pivot": [2.6, 14.5, 2.1],
							"rotation": [-92.79277, -48.29315, 57.64574],
							"uv": {
								"north": {"uv": [17, 70], "uv_size": [1, 1]},
								"east": {"uv": [43, 68], "uv_size": [2, 1]},
								"south": {"uv": [18, 70], "uv_size": [1, 1]},
								"west": {"uv": [45, 68], "uv_size": [2, 1]},
								"up": {"uv": [68, 45], "uv_size": [1, 2]},
								"down": {"uv": [47, 70], "uv_size": [1, -2]}
							}
						},
						{
							"origin": [1.6, 15.2, 0.7],
							"size": [1, 1, 2],
							"pivot": [2.6, 16, 2.1],
							"rotation": [-92.79277, -48.29315, 57.64574],
							"uv": {
								"north": {"uv": [70, 15], "uv_size": [1, 1]},
								"east": {"uv": [68, 38], "uv_size": [2, 1]},
								"south": {"uv": [16, 70], "uv_size": [1, 1]},
								"west": {"uv": [68, 40], "uv_size": [2, 1]},
								"up": {"uv": [68, 41], "uv_size": [1, 2]},
								"down": {"uv": [42, 70], "uv_size": [1, -2]}
							}
						},
						{
							"origin": [1.6, 14.4, 0.7],
							"size": [1, 1, 2],
							"pivot": [2.6, 15.2, 2.1],
							"rotation": [-92.79277, -48.29315, 57.64574],
							"uv": {
								"north": {"uv": [70, 14], "uv_size": [1, 1]},
								"east": {"uv": [35, 68], "uv_size": [2, 1]},
								"south": {"uv": [15, 70], "uv_size": [1, 1]},
								"west": {"uv": [68, 37], "uv_size": [2, 1]},
								"up": {"uv": [39, 68], "uv_size": [1, 2]},
								"down": {"uv": [40, 70], "uv_size": [1, -2]}
							}
						},
						{
							"origin": [1.6, 16.1, 0.7],
							"size": [1, 1, 2],
							"pivot": [2.6, 16.9, 2.1],
							"rotation": [-92.79277, -48.29315, 57.64574],
							"uv": {
								"north": {"uv": [13, 70], "uv_size": [1, 1]},
								"east": {"uv": [68, 32], "uv_size": [2, 1]},
								"south": {"uv": [14, 70], "uv_size": [1, 1]},
								"west": {"uv": [68, 33], "uv_size": [2, 1]},
								"up": {"uv": [33, 68], "uv_size": [1, 2]},
								"down": {"uv": [68, 36], "uv_size": [1, -2]}
							}
						},
						{
							"origin": [-3.5, 16.1, -3.5],
							"size": [1, 1, 2],
							"pivot": [-2.5, 16.9, -2.1],
							"rotation": [88.4963, 44.14613, 123.36417],
							"uv": {
								"north": {"uv": [5, 70], "uv_size": [1, 1]},
								"east": {"uv": [3, 68], "uv_size": [2, 1]},
								"south": {"uv": [6, 70], "uv_size": [1, 1]},
								"west": {"uv": [68, 6], "uv_size": [2, 1]},
								"up": {"uv": [5, 68], "uv_size": [1, 2]},
								"down": {"uv": [68, 9], "uv_size": [1, -2]}
							}
						},
						{
							"origin": [-3.5, 15.2, -3.5],
							"size": [1, 1, 2],
							"pivot": [-2.5, 16, -2.1],
							"rotation": [88.4963, 44.14613, 123.36417],
							"uv": {
								"north": {"uv": [70, 3], "uv_size": [1, 1]},
								"east": {"uv": [0, 68], "uv_size": [2, 1]},
								"south": {"uv": [70, 4], "uv_size": [1, 1]},
								"west": {"uv": [68, 0], "uv_size": [2, 1]},
								"up": {"uv": [68, 1], "uv_size": [1, 2]},
								"down": {"uv": [2, 70], "uv_size": [1, -2]}
							}
						},
						{
							"origin": [-3.5, 14.4, -3.5],
							"size": [1, 1, 2],
							"pivot": [-2.5, 15.2, -2.1],
							"rotation": [88.4963, 44.14613, 123.36417],
							"uv": {
								"north": {"uv": [2, 70], "uv_size": [1, 1]},
								"east": {"uv": [67, 60], "uv_size": [2, 1]},
								"south": {"uv": [70, 2], "uv_size": [1, 1]},
								"west": {"uv": [67, 63], "uv_size": [2, 1]},
								"up": {"uv": [67, 64], "uv_size": [1, 2]},
								"down": {"uv": [67, 68], "uv_size": [1, -2]}
							}
						},
						{
							"origin": [-3.5, 13.7, -3.5],
							"size": [1, 1, 2],
							"pivot": [-2.5, 14.5, -2.1],
							"rotation": [88.4963, 44.14613, 123.36417],
							"uv": {
								"north": {"uv": [1, 70], "uv_size": [1, 1]},
								"east": {"uv": [67, 59], "uv_size": [2, 1]},
								"south": {"uv": [70, 1], "uv_size": [1, 1]},
								"west": {"uv": [60, 67], "uv_size": [2, 1]},
								"up": {"uv": [62, 67], "uv_size": [1, 2]},
								"down": {"uv": [63, 69], "uv_size": [1, -2]}
							}
						},
						{
							"origin": [-3.5, 12.8, -3.5],
							"size": [1, 1, 2],
							"pivot": [-2.5, 13.6, -2.1],
							"rotation": [88.4963, 44.14613, 123.36417],
							"uv": {
								"north": {"uv": [0, 70], "uv_size": [1, 1]},
								"east": {"uv": [67, 56], "uv_size": [2, 1]},
								"south": {"uv": [70, 0], "uv_size": [1, 1]},
								"west": {"uv": [57, 67], "uv_size": [2, 1]},
								"up": {"uv": [67, 57], "uv_size": [1, 2]},
								"down": {"uv": [59, 69], "uv_size": [1, -2]}
							}
						},
						{
							"origin": [-3.5, 16.1, -0.4],
							"size": [1, 1, 2],
							"pivot": [-2.5, 16.9, 1],
							"rotation": [88.4963, 44.14613, 123.36417],
							"uv": {
								"north": {"uv": [70, 11], "uv_size": [1, 1]},
								"east": {"uv": [28, 68], "uv_size": [2, 1]},
								"south": {"uv": [12, 70], "uv_size": [1, 1]},
								"west": {"uv": [30, 68], "uv_size": [2, 1]},
								"up": {"uv": [26, 68], "uv_size": [1, 2]},
								"down": {"uv": [32, 70], "uv_size": [1, -2]}
							}
						},
						{
							"origin": [-3.5, 15.2, -0.4],
							"size": [1, 1, 2],
							"pivot": [-2.5, 16, 1],
							"rotation": [88.4963, 44.14613, 123.36417],
							"uv": {
								"north": {"uv": [10, 70], "uv_size": [1, 1]},
								"east": {"uv": [68, 22], "uv_size": [2, 1]},
								"south": {"uv": [70, 10], "uv_size": [1, 1]},
								"west": {"uv": [68, 23], "uv_size": [2, 1]},
								"up": {"uv": [25, 68], "uv_size": [1, 2]},
								"down": {"uv": [68, 27], "uv_size": [1, -2]}
							}
						},
						{
							"origin": [-3.5, 14.4, -0.4],
							"size": [1, 1, 2],
							"pivot": [-2.5, 15.2, 1],
							"rotation": [88.4963, 44.14613, 123.36417],
							"uv": {
								"north": {"uv": [9, 70], "uv_size": [1, 1]},
								"east": {"uv": [68, 15], "uv_size": [2, 1]},
								"south": {"uv": [70, 9], "uv_size": [1, 1]},
								"west": {"uv": [19, 68], "uv_size": [2, 1]},
								"up": {"uv": [21, 68], "uv_size": [1, 2]},
								"down": {"uv": [22, 70], "uv_size": [1, -2]}
							}
						},
						{
							"origin": [-3.5, 13.7, -0.4],
							"size": [1, 1, 2],
							"pivot": [-2.5, 14.5, 1],
							"rotation": [88.4963, 44.14613, 123.36417],
							"uv": {
								"north": {"uv": [70, 7], "uv_size": [1, 1]},
								"east": {"uv": [68, 11], "uv_size": [2, 1]},
								"south": {"uv": [70, 8], "uv_size": [1, 1]},
								"west": {"uv": [68, 14], "uv_size": [2, 1]},
								"up": {"uv": [16, 68], "uv_size": [1, 2]},
								"down": {"uv": [17, 70], "uv_size": [1, -2]}
							}
						},
						{
							"origin": [-3.5, 12.8, -0.4],
							"size": [1, 1, 2],
							"pivot": [-2.5, 13.6, 1],
							"rotation": [88.4963, 44.14613, 123.36417],
							"uv": {
								"north": {"uv": [70, 6], "uv_size": [1, 1]},
								"east": {"uv": [68, 9], "uv_size": [2, 1]},
								"south": {"uv": [7, 70], "uv_size": [1, 1]},
								"west": {"uv": [68, 10], "uv_size": [2, 1]},
								"up": {"uv": [12, 68], "uv_size": [1, 2]},
								"down": {"uv": [13, 70], "uv_size": [1, -2]}
							}
						}
					]
				},
				{
					"name": "Head",
					"parent": "Body",
					"pivot": [0, 24, 0],
					"cubes": [
						{
							"origin": [-4.3, 23.8, -4.4],
							"size": [8.7, 0.9, 8.4],
							"uv": {
								"north": {"uv": [54, 38], "uv_size": [9, 1]},
								"east": {"uv": [58, 39], "uv_size": [8, 1]},
								"south": {"uv": [44, 57], "uv_size": [9, 1]},
								"west": {"uv": [58, 40], "uv_size": [8, 1]},
								"up": {"uv": [0, 12], "uv_size": [9, 8]},
								"down": {"uv": [9, 20], "uv_size": [9, -8]}
							}
						},
						{
							"origin": [-2.1, 23.5, -4.5],
							"size": [4.3, 0.9, 5.5],
							"uv": {
								"north": {"uv": [63, 21], "uv_size": [4, 1]},
								"east": {"uv": [62, 53], "uv_size": [5, 1]},
								"south": {"uv": [63, 36], "uv_size": [4, 1]},
								"west": {"uv": [62, 54], "uv_size": [5, 1]},
								"up": {"uv": [29, 45], "uv_size": [4, 5]},
								"down": {"uv": [45, 35], "uv_size": [4, -5]}
							}
						},
						{
							"origin": [-0.5, 23.8, -4.6],
							"size": [0.8, 1.1, 0.6],
							"pivot": [0, 23.4, -4.2],
							"rotation": [0, 0, -2],
							"uv": {
								"north": {"uv": [70, 31], "uv_size": [1, 1]},
								"east": {"uv": [32, 70], "uv_size": [1, 1]},
								"south": {"uv": [70, 32], "uv_size": [1, 1]},
								"west": {"uv": [33, 70], "uv_size": [1, 1]},
								"up": {"uv": [70, 33], "uv_size": [1, 1]},
								"down": {"uv": [70, 35], "uv_size": [1, -1]}
							}
						},
						{
							"origin": [-0.58998, 23.78975, -4.6],
							"size": [0.8, 1.1, 0.6],
							"pivot": [0, 23.4, -4.2],
							"rotation": [0, 0, 11],
							"uv": {
								"north": {"uv": [70, 31], "uv_size": [1, 1]},
								"east": {"uv": [32, 70], "uv_size": [1, 1]},
								"south": {"uv": [70, 32], "uv_size": [1, 1]},
								"west": {"uv": [33, 70], "uv_size": [1, 1]},
								"up": {"uv": [70, 33], "uv_size": [1, 1]},
								"down": {"uv": [70, 35], "uv_size": [1, -1]}
							}
						},
						{
							"origin": [-0.8, 23.9, -4.3],
							"size": [1.7, 1.1, 0.5],
							"uv": {
								"north": {"uv": [69, 5], "uv_size": [2, 1]},
								"east": {"uv": [70, 35], "uv_size": [1, 1]},
								"south": {"uv": [9, 69], "uv_size": [2, 1]},
								"west": {"uv": [70, 36], "uv_size": [1, 1]},
								"up": {"uv": [69, 12], "uv_size": [2, 1]},
								"down": {"uv": [69, 14], "uv_size": [2, -1]}
							}
						},
						{
							"origin": [-4.3, 24.6, -4.4],
							"size": [1.1, 1.1, 3],
							"uv": {
								"north": {"uv": [22, 70], "uv_size": [1, 1]},
								"east": {"uv": [65, 10], "uv_size": [3, 1]},
								"south": {"uv": [70, 22], "uv_size": [1, 1]},
								"west": {"uv": [65, 11], "uv_size": [3, 1]},
								"up": {"uv": [52, 65], "uv_size": [1, 3]},
								"down": {"uv": [53, 68], "uv_size": [1, -3]}
							}
						},
						{
							"origin": [-4.2, 24.6, -2.6],
							"size": [1, 6.3, 4],
							"uv": {
								"north": {"uv": [8, 26], "uv_size": [1, 6]},
								"east": {"uv": [43, 3], "uv_size": [4, 6]},
								"south": {"uv": [30, 58], "uv_size": [1, 6]},
								"west": {"uv": [5, 44], "uv_size": [4, 6]},
								"up": {"uv": [62, 63], "uv_size": [1, 4]},
								"down": {"uv": [63, 67], "uv_size": [1, -4]}
							}
						},
						{
							"origin": [-4.6, 26.1, -1.5],
							"size": [1, 3.8, 3.8],
							"uv": {
								"north": {"uv": [2, 64], "uv_size": [1, 4]},
								"east": {"uv": [50, 15], "uv_size": [4, 4]},
								"south": {"uv": [3, 64], "uv_size": [1, 4]},
								"west": {"uv": [16, 50], "uv_size": [4, 4]},
								"up": {"uv": [4, 64], "uv_size": [1, 4]},
								"down": {"uv": [5, 68], "uv_size": [1, -4]}
							}
						},
						{
							"origin": [-4.9, 26.8, -0.7],
							"size": [1, 2.5, 2.5],
							"uv": {
								"north": {"uv": [66, 18], "uv_size": [1, 3]},
								"east": {"uv": [60, 61], "uv_size": [2, 3]},
								"south": {"uv": [66, 30], "uv_size": [1, 3]},
								"west": {"uv": [6, 62], "uv_size": [2, 3]},
								"up": {"uv": [69, 3], "uv_size": [1, 2]},
								"down": {"uv": [4, 71], "uv_size": [1, -2]}
							}
						},
						{
							"origin": [3.9, 26.8, -0.7],
							"size": [1, 2.5, 2.5],
							"uv": {
								"north": {"uv": [66, 33], "uv_size": [1, 3]},
								"east": {"uv": [8, 62], "uv_size": [2, 3]},
								"south": {"uv": [34, 66], "uv_size": [1, 3]},
								"west": {"uv": [10, 62], "uv_size": [2, 3]},
								"up": {"uv": [69, 7], "uv_size": [1, 2]},
								"down": {"uv": [8, 71], "uv_size": [1, -2]}
							}
						},
						{
							"origin": [3.6, 26.1, -1.5],
							"size": [1, 3.8, 3.8],
							"uv": {
								"north": {"uv": [64, 8], "uv_size": [1, 4]},
								"east": {"uv": [50, 19], "uv_size": [4, 4]},
								"south": {"uv": [64, 15], "uv_size": [1, 4]},
								"west": {"uv": [20, 50], "uv_size": [4, 4]},
								"up": {"uv": [19, 64], "uv_size": [1, 4]},
								"down": {"uv": [20, 68], "uv_size": [1, -4]}
							}
						},
						{
							"origin": [3.4, 24.6, -2.6],
							"size": [1, 6.3, 4],
							"uv": {
								"north": {"uv": [14, 61], "uv_size": [1, 6]},
								"east": {"uv": [9, 44], "uv_size": [4, 6]},
								"south": {"uv": [21, 61], "uv_size": [1, 6]},
								"west": {"uv": [37, 44], "uv_size": [4, 6]},
								"up": {"uv": [0, 64], "uv_size": [1, 4]},
								"down": {"uv": [1, 68], "uv_size": [1, -4]}
							}
						},
						{
							"origin": [3.3, 24.6, -4.4],
							"size": [1.1, 1.1, 3],
							"uv": {
								"north": {"uv": [70, 23], "uv_size": [1, 1]},
								"east": {"uv": [65, 45], "uv_size": [3, 1]},
								"south": {"uv": [70, 24], "uv_size": [1, 1]},
								"west": {"uv": [65, 46], "uv_size": [3, 1]},
								"up": {"uv": [54, 65], "uv_size": [1, 3]},
								"down": {"uv": [55, 68], "uv_size": [1, -3]}
							}
						},
						{
							"origin": [-0.9, 29.7, -4.4],
							"size": [2.2, 0.9, 2.5],
							"uv": {
								"north": {"uv": [57, 68], "uv_size": [2, 1]},
								"east": {"uv": [68, 57], "uv_size": [2, 1]},
								"south": {"uv": [68, 58], "uv_size": [2, 1]},
								"west": {"uv": [60, 68], "uv_size": [2, 1]},
								"up": {"uv": [22, 54], "uv_size": [2, 2]},
								"down": {"uv": [63, 21], "uv_size": [2, -2]}
							}
						},
						{
							"origin": [0, 29.8, -4.4],
							"size": [1.3, 1.3, 2.5],
							"pivot": [0.8, 29.6, -0.2],
							"rotation": [0, 0, 20],
							"uv": {
								"north": {"uv": [70, 27], "uv_size": [1, 1]},
								"east": {"uv": [68, 61], "uv_size": [2, 1]},
								"south": {"uv": [70, 28], "uv_size": [1, 1]},
								"west": {"uv": [68, 62], "uv_size": [2, 1]},
								"up": {"uv": [68, 64], "uv_size": [1, 2]},
								"down": {"uv": [68, 68], "uv_size": [1, -2]}
							}
						},
						{
							"origin": [-0.9, 30, -4.4],
							"size": [1.3, 1.3, 2.5],
							"pivot": [-0.1, 29.8, -0.2],
							"rotation": [0, 0, -19],
							"uv": {
								"north": {"uv": [70, 29], "uv_size": [1, 1]},
								"east": {"uv": [67, 68], "uv_size": [2, 1]},
								"south": {"uv": [70, 30], "uv_size": [1, 1]},
								"west": {"uv": [0, 69], "uv_size": [2, 1]},
								"up": {"uv": [69, 1], "uv_size": [1, 2]},
								"down": {"uv": [3, 71], "uv_size": [1, -2]}
							}
						},
						{
							"origin": [3.3, 29.4, -4.4],
							"size": [1.1, 1.1, 3],
							"pivot": [3.8, 29.6, -0.9],
							"rotation": [-6, 0, 0],
							"uv": {
								"north": {"uv": [26, 70], "uv_size": [1, 1]},
								"east": {"uv": [66, 12], "uv_size": [3, 1]},
								"south": {"uv": [70, 26], "uv_size": [1, 1]},
								"west": {"uv": [66, 13], "uv_size": [3, 1]},
								"up": {"uv": [11, 66], "uv_size": [1, 3]},
								"down": {"uv": [66, 18], "uv_size": [1, -3]}
							}
						},
						{
							"origin": [-4.3, 29.3, -4.4],
							"size": [1.1, 1.1, 3],
							"pivot": [-4, 30.5, -0.2],
							"rotation": [-5, 0, 0],
							"uv": {
								"north": {"uv": [25, 70], "uv_size": [1, 1]},
								"east": {"uv": [64, 65], "uv_size": [3, 1]},
								"south": {"uv": [70, 25], "uv_size": [1, 1]},
								"west": {"uv": [6, 66], "uv_size": [3, 1]},
								"up": {"uv": [9, 66], "uv_size": [1, 3]},
								"down": {"uv": [10, 69], "uv_size": [1, -3]}
							}
						},
						{
							"origin": [-4.1, 30.7, -4.2],
							"size": [8.3, 1.3, 8.2],
							"inflate": 0.15,
							"uv": {
								"north": {"uv": [59, 4], "uv_size": [8, 1]},
								"east": {"uv": [59, 22], "uv_size": [8, 1]},
								"south": {"uv": [61, 5], "uv_size": [8, 1]},
								"west": {"uv": [6, 61], "uv_size": [8, 1]},
								"up": {"uv": [16, 0], "uv_size": [8, 8]},
								"down": {"uv": [18, 16], "uv_size": [8, -8]}
							}
						},
						{
							"origin": [-4.1, 24.6, 1.1],
							"size": [8.2, 5.9, 2.9],
							"inflate": 0.15,
							"uv": {
								"north": {"uv": [24, 36], "uv_size": [8, 6]},
								"east": {"uv": [13, 44], "uv_size": [3, 6]},
								"south": {"uv": [32, 36], "uv_size": [8, 6]},
								"west": {"uv": [33, 45], "uv_size": [3, 6]},
								"up": {"uv": [29, 42], "uv_size": [8, 3]},
								"down": {"uv": [43, 3], "uv_size": [8, -3]}
							}
						}
					]
				},
				{
					"name": "bone",
					"parent": "Head",
					"pivot": [0, 30, -4],
					"cubes": [
						{
							"origin": [-4.2, 24.6, -4.2],
							"size": [8.5, 6.1, 2],
							"uv": {
								"north": {"uv": [18, 16], "uv_size": [9, 6]},
								"east": {"uv": [24, 0], "uv_size": [2, 6]},
								"south": {"uv": [0, 20], "uv_size": [9, 6]},
								"west": {"uv": [27, 16], "uv_size": [2, 6]},
								"up": {"uv": [45, 35], "uv_size": [9, 2]},
								"down": {"uv": [45, 39], "uv_size": [9, -2]}
							}
						},
						{
							"origin": [-3.5, 27.2, -4.3],
							"size": [2.3, 0.8, 1.1],
							"pivot": [-2.5, 26.1, -3.3],
							"rotation": [0, 0, 7],
							"uv": {
								"north": {"uv": [14, 69], "uv_size": [2, 1]},
								"east": {"uv": [70, 37], "uv_size": [1, 1]},
								"south": {"uv": [69, 16], "uv_size": [2, 1]},
								"west": {"uv": [70, 38], "uv_size": [1, 1]},
								"up": {"uv": [69, 17], "uv_size": [2, 1]},
								"down": {"uv": [18, 70], "uv_size": [2, -1]}
							}
						},
						{
							"origin": [1.3, 27.1, -4.3],
							"size": [2.2, 0.8, 1.1],
							"pivot": [2, 26, -3.3],
							"rotation": [0, 0, -7],
							"uv": {
								"north": {"uv": [69, 18], "uv_size": [2, 1]},
								"east": {"uv": [39, 70], "uv_size": [1, 1]},
								"south": {"uv": [69, 19], "uv_size": [2, 1]},
								"west": {"uv": [70, 39], "uv_size": [1, 1]},
								"up": {"uv": [69, 20], "uv_size": [2, 1]},
								"down": {"uv": [69, 22], "uv_size": [2, -1]}
							}
						}
					]
				},
				{
					"name": "RightArm",
					"parent": "Body",
					"pivot": [-5, 22, 0],
					"cubes": [
						{
							"origin": [-8, 12, -2],
							"size": [4, 12, 4],
							"inflate": 0.15,
							"uv": {
								"north": {"uv": [30, 0], "uv_size": [4, 12]},
								"east": {"uv": [8, 32], "uv_size": [4, 12]},
								"south": {"uv": [12, 32], "uv_size": [4, 12]},
								"west": {"uv": [33, 12], "uv_size": [4, 12]},
								"up": {"uv": [0, 47], "uv_size": [4, 4]},
								"down": {"uv": [47, 7], "uv_size": [4, -4]}
							}
						},
						{
							"origin": [-8.2, 21.1, -2.2],
							"size": [4.4, 2.4, 4.4],
							"inflate": 0.15,
							"uv": {
								"north": {"uv": [56, 58], "uv_size": [4, 2]},
								"east": {"uv": [59, 0], "uv_size": [4, 2]},
								"south": {"uv": [59, 2], "uv_size": [4, 2]},
								"west": {"uv": [59, 18], "uv_size": [4, 2]},
								"up": {"uv": [49, 39], "uv_size": [4, 4]},
								"down": {"uv": [41, 53], "uv_size": [4, -4]}
							}
						},
						{
							"origin": [-8.2, 11.9, -2.2],
							"size": [4.4, 3.2, 4.4],
							"inflate": 0.15,
							"uv": {
								"north": {"uv": [52, 54], "uv_size": [4, 3]},
								"east": {"uv": [27, 55], "uv_size": [4, 3]},
								"south": {"uv": [35, 55], "uv_size": [4, 3]},
								"west": {"uv": [55, 49], "uv_size": [4, 3]},
								"up": {"uv": [50, 11], "uv_size": [4, 4]},
								"down": {"uv": [12, 54], "uv_size": [4, -4]}
							}
						},
						{
							"origin": [-8.7, 19.4, -1.9],
							"size": [2.1, 3.6, 3.9],
							"uv": {
								"north": {"uv": [38, 60], "uv_size": [2, 4]},
								"east": {"uv": [49, 43], "uv_size": [4, 4]},
								"south": {"uv": [40, 60], "uv_size": [2, 4]},
								"west": {"uv": [49, 47], "uv_size": [4, 4]},
								"up": {"uv": [44, 60], "uv_size": [2, 4]},
								"down": {"uv": [46, 64], "uv_size": [2, -4]}
							}
						},
						{
							"origin": [-8.7, 11.5, -1.8],
							"size": [2.1, 4.1, 3.4],
							"uv": {
								"north": {"uv": [56, 60], "uv_size": [2, 4]},
								"east": {"uv": [0, 56], "uv_size": [3, 4]},
								"south": {"uv": [60, 57], "uv_size": [2, 4]},
								"west": {"uv": [22, 56], "uv_size": [3, 4]},
								"up": {"uv": [43, 9], "uv_size": [2, 3]},
								"down": {"uv": [39, 53], "uv_size": [2, -3]}
							}
						},
						{
							"origin": [-8.6, 11.5, -2.1],
							"size": [1.1, 2.7, 4.4],
							"uv": {
								"north": {"uv": [59, 49], "uv_size": [1, 3]},
								"east": {"uv": [56, 52], "uv_size": [4, 3]},
								"south": {"uv": [22, 64], "uv_size": [1, 3]},
								"west": {"uv": [56, 55], "uv_size": [4, 3]},
								"up": {"uv": [27, 63], "uv_size": [1, 4]},
								"down": {"uv": [28, 67], "uv_size": [1, -4]}
							}
						},
						{
							"origin": [-9.6, 11.5, -1.7],
							"size": [0.6, 2.7, 1.6],
							"pivot": [-6.9, 11.7, 0.1],
							"rotation": [0, -42, 0],
							"uv": {
								"north": {"uv": [40, 64], "uv_size": [1, 3]},
								"east": {"uv": [58, 60], "uv_size": [2, 3]},
								"south": {"uv": [41, 64], "uv_size": [1, 3]},
								"west": {"uv": [61, 6], "uv_size": [2, 3]},
								"up": {"uv": [55, 52], "uv_size": [1, 2]},
								"down": {"uv": [38, 60], "uv_size": [1, -2]}
							}
						},
						{
							"origin": [-9.6, 11.5, 0],
							"size": [0.9, 2.7, 1.6],
							"pivot": [-6.9, 11.7, 0.1],
							"rotation": [0, 47, 0],
							"uv": {
								"north": {"uv": [42, 64], "uv_size": [1, 3]},
								"east": {"uv": [61, 15], "uv_size": [2, 3]},
								"south": {"uv": [43, 64], "uv_size": [1, 3]},
								"west": {"uv": [19, 61], "uv_size": [2, 3]},
								"up": {"uv": [52, 58], "uv_size": [1, 2]},
								"down": {"uv": [67, 8], "uv_size": [1, -2]}
							}
						},
						{
							"origin": [-7.9, 19.4, 0.3],
							"size": [3.3, 3.6, 2.3],
							"uv": {
								"north": {"uv": [54, 18], "uv_size": [3, 4]},
								"east": {"uv": [48, 60], "uv_size": [2, 4]},
								"south": {"uv": [19, 54], "uv_size": [3, 4]},
								"west": {"uv": [60, 49], "uv_size": [2, 4]},
								"up": {"uv": [37, 34], "uv_size": [3, 2]},
								"down": {"uv": [5, 44], "uv_size": [3, -2]}
							}
						},
						{
							"origin": [-8.2, 20, -2.2],
							"size": [2.9, 1, 4.4],
							"inflate": 0.15,
							"uv": {
								"north": {"uv": [54, 4], "uv_size": [3, 1]},
								"east": {"uv": [49, 34], "uv_size": [4, 1]},
								"south": {"uv": [54, 22], "uv_size": [3, 1]},
								"west": {"uv": [62, 55], "uv_size": [4, 1]},
								"up": {"uv": [26, 12], "uv_size": [3, 4]},
								"down": {"uv": [53, 49], "uv_size": [3, -4]}
							}
						},
						{
							"origin": [-8.2, 15.3, -2.2],
							"size": [1.9, 1, 4.4],
							"inflate": 0.15,
							"uv": {
								"north": {"uv": [67, 3], "uv_size": [2, 1]},
								"east": {"uv": [63, 6], "uv_size": [4, 1]},
								"south": {"uv": [67, 4], "uv_size": [2, 1]},
								"west": {"uv": [63, 7], "uv_size": [4, 1]},
								"up": {"uv": [60, 53], "uv_size": [2, 4]},
								"down": {"uv": [54, 64], "uv_size": [2, -4]}
							}
						},
						{
							"origin": [-7, 19.8, -2.2],
							"size": [2.9, 1, 4.4],
							"inflate": 0.15,
							"pivot": [-5.4, 20.2, 0],
							"rotation": [0, 0, -47],
							"uv": {
								"north": {"uv": [64, 28], "uv_size": [3, 1]},
								"east": {"uv": [63, 1], "uv_size": [4, 1]},
								"south": {"uv": [64, 29], "uv_size": [3, 1]},
								"west": {"uv": [2, 63], "uv_size": [4, 1]},
								"up": {"uv": [54, 11], "uv_size": [3, 4]},
								"down": {"uv": [12, 58], "uv_size": [3, -4]}
							}
						},
						{
							"origin": [-8.2, 18.8, -2.2],
							"size": [1.8, 1, 4.4],
							"inflate": 0.15,
							"uv": {
								"north": {"uv": [66, 47], "uv_size": [2, 1]},
								"east": {"uv": [62, 60], "uv_size": [4, 1]},
								"south": {"uv": [66, 48], "uv_size": [2, 1]},
								"west": {"uv": [62, 61], "uv_size": [4, 1]},
								"up": {"uv": [0, 60], "uv_size": [2, 4]},
								"down": {"uv": [22, 64], "uv_size": [2, -4]}
							}
						}
					]
				},
				{
					"name": "laserpl",
					"parent": "RightArm",
					"pivot": [-8.3, 16.7, 0],
					"cubes": [
						{
							"origin": [-8.3, 14.4, -1],
							"size": [0.6, 2, 2],
							"uv": {
								"north": {"uv": [11, 69], "uv_size": [1, 2]},
								"east": {"uv": [63, 45], "uv_size": [2, 2]},
								"south": {"uv": [20, 69], "uv_size": [1, 2]},
								"west": {"uv": [64, 12], "uv_size": [2, 2]},
								"up": {"uv": [23, 69], "uv_size": [1, 2]},
								"down": {"uv": [24, 71], "uv_size": [1, -2]}
							}
						},
						{
							"origin": [-7.8, 13.7, -1],
							"size": [1, 1.6, 2],
							"uv": {
								"north": {"uv": [11, 69], "uv_size": [1, 2]},
								"east": {"uv": [63, 45], "uv_size": [2, 2]},
								"south": {"uv": [20, 69], "uv_size": [1, 2]},
								"west": {"uv": [64, 12], "uv_size": [2, 2]},
								"up": {"uv": [23, 69], "uv_size": [1, 2]},
								"down": {"uv": [24, 71], "uv_size": [1, -2]}
							}
						}
					]
				},
				{
					"name": "Laserlar",
					"parent": "laserpl",
					"pivot": [-8.3, 14.4, 0],
					"cubes": [
						{
							"origin": [-8.3, 12.4, 0.5],
							"size": [0.4, 2, 0.4],
							"uv": {
								"north": {"uv": [69, 24], "uv_size": [1, 2]},
								"east": {"uv": [69, 26], "uv_size": [1, 2]},
								"south": {"uv": [27, 69], "uv_size": [1, 2]},
								"west": {"uv": [28, 69], "uv_size": [1, 2]},
								"up": {"uv": [40, 70], "uv_size": [1, 1]},
								"down": {"uv": [70, 41], "uv_size": [1, -1]}
							}
						},
						{
							"origin": [-8.3, 11.6, -0.275],
							"size": [0.4, 2.8, 0.5],
							"uv": {
								"north": {"uv": [37, 66], "uv_size": [1, 3]},
								"east": {"uv": [66, 37], "uv_size": [1, 3]},
								"south": {"uv": [66, 55], "uv_size": [1, 3]},
								"west": {"uv": [66, 58], "uv_size": [1, 3]},
								"up": {"uv": [70, 42], "uv_size": [1, 1]},
								"down": {"uv": [70, 44], "uv_size": [1, -1]}
							}
						},
						{
							"origin": [-8.3, 12.4, -0.9],
							"size": [0.4, 2, 0.4],
							"uv": {
								"north": {"uv": [69, 28], "uv_size": [1, 2]},
								"east": {"uv": [29, 69], "uv_size": [1, 2]},
								"south": {"uv": [30, 69], "uv_size": [1, 2]},
								"west": {"uv": [69, 30], "uv_size": [1, 2]},
								"up": {"uv": [70, 41], "uv_size": [1, 1]},
								"down": {"uv": [42, 71], "uv_size": [1, -1]}
							}
						},
						{
							"origin": [-8.3, 12.4, -0.9],
							"size": [0.4, 2, 0.4],
							"pivot": [-8, 12.4, -0.7],
							"rotation": [0, -23, 0],
							"uv": {
								"north": {"uv": [31, 69], "uv_size": [1, 2]},
								"east": {"uv": [34, 69], "uv_size": [1, 2]},
								"south": {"uv": [69, 34], "uv_size": [1, 2]},
								"west": {"uv": [35, 69], "uv_size": [1, 2]},
								"up": {"uv": [44, 70], "uv_size": [1, 1]},
								"down": {"uv": [70, 45], "uv_size": [1, -1]}
							}
						},
						{
							"origin": [-8.3, 12.4, 0.5],
							"size": [0.4, 2, 0.4],
							"pivot": [-8, 12.4, 0.7],
							"rotation": [0, -23, 0],
							"uv": {
								"north": {"uv": [36, 69], "uv_size": [1, 2]},
								"east": {"uv": [37, 69], "uv_size": [1, 2]},
								"south": {"uv": [38, 69], "uv_size": [1, 2]},
								"west": {"uv": [41, 69], "uv_size": [1, 2]},
								"up": {"uv": [45, 70], "uv_size": [1, 1]},
								"down": {"uv": [70, 46], "uv_size": [1, -1]}
							}
						}
					]
				},
				{
					"name": "LeftArm",
					"parent": "Body",
					"pivot": [5, 22, 0],
					"cubes": [
						{
							"origin": [4, 12, -2],
							"size": [4, 12, 4],
							"inflate": 0.15,
							"uv": {
								"north": {"uv": [33, 24], "uv_size": [4, 12]},
								"east": {"uv": [34, 0], "uv_size": [4, 12]},
								"south": {"uv": [16, 34], "uv_size": [4, 12]},
								"west": {"uv": [20, 34], "uv_size": [4, 12]},
								"up": {"uv": [24, 47], "uv_size": [4, 4]},
								"down": {"uv": [45, 51], "uv_size": [4, -4]}
							}
						},
						{
							"origin": [3.8, 21.1, -2.2],
							"size": [4.4, 2.4, 4.4],
							"inflate": 0.15,
							"uv": {
								"north": {"uv": [58, 41], "uv_size": [4, 2]},
								"east": {"uv": [58, 43], "uv_size": [4, 2]},
								"south": {"uv": [44, 58], "uv_size": [4, 2]},
								"west": {"uv": [48, 58], "uv_size": [4, 2]},
								"up": {"uv": [49, 7], "uv_size": [4, 4]},
								"down": {"uv": [49, 34], "uv_size": [4, -4]}
							}
						},
						{
							"origin": [3.8, 11.9, -2.2],
							"size": [4.4, 3.2, 4.4],
							"inflate": 0.15,
							"uv": {
								"north": {"uv": [31, 54], "uv_size": [4, 3]},
								"east": {"uv": [54, 35], "uv_size": [4, 3]},
								"south": {"uv": [44, 54], "uv_size": [4, 3]},
								"west": {"uv": [48, 54], "uv_size": [4, 3]},
								"up": {"uv": [4, 50], "uv_size": [4, 4]},
								"down": {"uv": [8, 54], "uv_size": [4, -4]}
							}
						},
						{
							"origin": [7.7, 19.7, -1.9],
							"size": [1, 3.1, 3.9],
							"uv": {
								"north": {"uv": [4, 47], "uv_size": [1, 3]},
								"east": {"uv": [15, 54], "uv_size": [4, 3]},
								"south": {"uv": [28, 47], "uv_size": [1, 3]},
								"west": {"uv": [54, 15], "uv_size": [4, 3]},
								"up": {"uv": [27, 51], "uv_size": [1, 4]},
								"down": {"uv": [34, 66], "uv_size": [1, -4]}
							}
						},
						{
							"origin": [7.3, 11.8, -1.8],
							"size": [1.4, 3.6, 3.4],
							"uv": {
								"north": {"uv": [63, 15], "uv_size": [1, 4]},
								"east": {"uv": [39, 56], "uv_size": [3, 4]},
								"south": {"uv": [24, 63], "uv_size": [1, 4]},
								"west": {"uv": [56, 45], "uv_size": [3, 4]},
								"up": {"uv": [49, 11], "uv_size": [1, 3]},
								"down": {"uv": [3, 54], "uv_size": [1, -3]}
							}
						},
						{
							"origin": [7.8, 11.8, -2.2],
							"size": [0.8, 2.2, 4.3],
							"uv": {
								"north": {"uv": [17, 20], "uv_size": [1, 2]},
								"east": {"uv": [59, 20], "uv_size": [4, 2]},
								"south": {"uv": [16, 32], "uv_size": [1, 2]},
								"west": {"uv": [2, 61], "uv_size": [4, 2]},
								"up": {"uv": [25, 63], "uv_size": [1, 4]},
								"down": {"uv": [26, 67], "uv_size": [1, -4]}
							}
						},
						{
							"origin": [8.4, 11.6, -1.3],
							"size": [0.8, 2.7, 1.4],
							"pivot": [5.3, 11.4, 0.1],
							"rotation": [0, 29, 0],
							"uv": {
								"north": {"uv": [23, 64], "uv_size": [1, 3]},
								"east": {"uv": [30, 64], "uv_size": [1, 3]},
								"south": {"uv": [64, 30], "uv_size": [1, 3]},
								"west": {"uv": [64, 33], "uv_size": [1, 3]},
								"up": {"uv": [44, 53], "uv_size": [1, 1]},
								"down": {"uv": [35, 55], "uv_size": [1, -1]}
							}
						},
						{
							"origin": [8.2, 11.6, -0.3],
							"size": [0.9, 2.7, 1.1],
							"pivot": [5.3, 11.4, 0.1],
							"rotation": [0, -36, 0],
							"uv": {
								"north": {"uv": [35, 64], "uv_size": [1, 3]},
								"east": {"uv": [36, 64], "uv_size": [1, 3]},
								"south": {"uv": [38, 64], "uv_size": [1, 3]},
								"west": {"uv": [39, 64], "uv_size": [1, 3]},
								"up": {"uv": [2, 60], "uv_size": [1, 1]},
								"down": {"uv": [24, 61], "uv_size": [1, -1]}
							}
						},
						{
							"origin": [4.7, 19.7, -0.4],
							"size": [3, 3.1, 2.9],
							"uv": {
								"north": {"uv": [53, 57], "uv_size": [3, 3]},
								"east": {"uv": [3, 58], "uv_size": [3, 3]},
								"south": {"uv": [58, 5], "uv_size": [3, 3]},
								"west": {"uv": [6, 58], "uv_size": [3, 3]},
								"up": {"uv": [58, 8], "uv_size": [3, 3]},
								"down": {"uv": [9, 61], "uv_size": [3, -3]}
							}
						},
						{
							"origin": [5.3, 20.3, -2.2],
							"size": [2.9, 1, 4.4],
							"inflate": 0.15,
							"uv": {
								"north": {"uv": [63, 38], "uv_size": [3, 1]},
								"east": {"uv": [62, 56], "uv_size": [4, 1]},
								"south": {"uv": [63, 47], "uv_size": [3, 1]},
								"west": {"uv": [62, 57], "uv_size": [4, 1]},
								"up": {"uv": [54, 0], "uv_size": [3, 4]},
								"down": {"uv": [3, 58], "uv_size": [3, -4]}
							}
						},
						{
							"origin": [6.3, 15.3, -2.2],
							"size": [1.9, 1, 4.4],
							"inflate": 0.15,
							"uv": {
								"north": {"uv": [66, 61], "uv_size": [2, 1]},
								"east": {"uv": [63, 2], "uv_size": [4, 1]},
								"south": {"uv": [66, 62], "uv_size": [2, 1]},
								"west": {"uv": [63, 3], "uv_size": [4, 1]},
								"up": {"uv": [50, 60], "uv_size": [2, 4]},
								"down": {"uv": [52, 64], "uv_size": [2, -4]}
							}
						},
						{
							"origin": [4.7, 20.6, -2.2],
							"size": [2.9, 1, 4.4],
							"inflate": 0.15,
							"pivot": [5.2, 21.3, 0],
							"rotation": [0, 0, 53],
							"uv": {
								"north": {"uv": [64, 23], "uv_size": [3, 1]},
								"east": {"uv": [62, 62], "uv_size": [4, 1]},
								"south": {"uv": [64, 24], "uv_size": [3, 1]},
								"west": {"uv": [63, 0], "uv_size": [4, 1]},
								"up": {"uv": [6, 54], "uv_size": [3, 4]},
								"down": {"uv": [9, 58], "uv_size": [3, -4]}
							}
						},
						{
							"origin": [6.2, 19, -2.2],
							"size": [2, 1, 4.4],
							"inflate": 0.15,
							"uv": {
								"north": {"uv": [31, 50], "uv_size": [2, 1]},
								"east": {"uv": [62, 58], "uv_size": [4, 1]},
								"south": {"uv": [66, 40], "uv_size": [2, 1]},
								"west": {"uv": [62, 59], "uv_size": [4, 1]},
								"up": {"uv": [16, 8], "uv_size": [2, 4]},
								"down": {"uv": [59, 49], "uv_size": [2, -4]}
							}
						}
					]
				},
				{
					"name": "raketa",
					"parent": "LeftArm",
					"pivot": [7, 15, 0],
					"cubes": [
						{
							"origin": [7, 12.4, -1.3],
							"size": [1, 2.6, 2.6],
							"uv": {
								"north": {"uv": [64, 66], "uv_size": [1, 3]},
								"east": {"uv": [35, 58], "uv_size": [3, 3]},
								"south": {"uv": [65, 66], "uv_size": [1, 3]},
								"west": {"uv": [58, 35], "uv_size": [3, 3]},
								"up": {"uv": [66, 66], "uv_size": [1, 3]},
								"down": {"uv": [67, 3], "uv_size": [1, -3]}
							}
						},
						{
							"origin": [7.3, 12.4, -0.9],
							"size": [1, 2.6, 1.6],
							"uv": {
								"north": {"uv": [6, 67], "uv_size": [1, 3]},
								"east": {"uv": [62, 11], "uv_size": [2, 3]},
								"south": {"uv": [7, 67], "uv_size": [1, 3]},
								"west": {"uv": [12, 62], "uv_size": [2, 3]},
								"up": {"uv": [69, 41], "uv_size": [1, 2]},
								"down": {"uv": [43, 71], "uv_size": [1, -2]}
							}
						}
					]
				}
			]
		}
	]
}