{
	"format_version": "1.12.0",
	"minecraft:geometry": [
		{
			"description": {
				"identifier": "geometry.mc_suit_stand",
				"texture_width": 128,
				"texture_height": 128,
				"visible_bounds_width": 3,
				"visible_bounds_height": 3.5,
				"visible_bounds_offset": [0, 1.25, 0]
			},
			"bones": [
				{
					"name": "armourst",
					"pivot": [0, 0, 0],
					"cubes": [
						{"origin": [-9, 0, -9], "size": [18, 1, 18], "uv": [20, 35]},
						{"origin": [-9, 35, -9], "size": [18, 1, 18], "uv": [20, 35]},
						{"origin": [-9, 0, 9], "size": [18, 35, 1], "uv": [0, 54]},
						{"origin": [-10, 0, -9], "size": [1, 35, 18], "uv": [0, 0]},
						{"origin": [9, 0, -9], "size": [1, 35, 18], "uv": [0, 0]},
						{"origin": [-8, 0, -9], "size": [17, 35, 0], "uv": [38, 0]}
					]
				}
			]
		}
	]
}