{
	"format_version": "1.8.0",
	"animations": {
		"animation.gun.fip": {
			"loop": true,
			"animation_length": 0.04167,
			"override_previous_animation": true,
			"bones": {
				"Body": {
					"rotation": [0, -180, 0]
				},
				"RightArm": {
					"rotation": [-90, -2.5, 0],
					"position": [-1, 1, -3]
				},
				"LeftArm": {
					"rotation": [-95.00474, 2.49048, -0.21803],
					"position": [1, 1, -3]
				}
			}
		},
		"animation.gun.fipbir": {
			"loop": true,
			"animation_length": 0.08333,
			"override_previous_animation": true,
			"bones": {
				"Body": {
					"rotation": [0, -180, 0]
				},
				"RightArm": {
					"rotation": [-90, -2.5, 0],
					"position": [-1, 1, -3]
				},
				"LeftArm": {
					"rotation": [-0.00474, 2.49048, -0.21803],
					"position": [1, 1, 0]
				}
			}
		}
	}
}