{
	"format_version": "1.8.0",
	"animations": {
		"animation.mk5.off": {
			"loop": true,
			"animation_length": 0.375,
			"override_previous_animation": true,
			"bones": {
				"RightLeg": {
					"scale": [1, 0.1, 1]
				},
				"LeftLeg": {
					"scale": [1, 0.1, 1]
				},
				"Body": {
					"scale": [1, 0.8, 1]
				},
				"Head": {
					"rotation": [-90, 0, 0],
					"scale": [1, 0, 0.1]
				},
				"niqob": {
					"rotation": [-30, 0, 0],
					"position": [0, 3, 2]
				},
				"RightArm": {
					"position": [1, 2, 0],
					"scale": [1, 0.1, 1]
				},
				"LeftArm": {
					"position": [-2, 2, 0],
					"scale": [1, 0.1, 1]
				}
			}
		}
	}
}