{
	"format_version": "1.8.0",
	"animations": {
		"animation.ironmen.flly": {
			"loop": true,
			"override_previous_animation": true,
			"bones": {
				"root": {
					"rotation": [90, 0, 0],
					"position": [0, 2, 15]
				},
				"RightLeg": {
					"rotation": [0, 0, 2.5]
				},
				"LeftLeg": {
					"rotation": [0, 0, -2.5]
				},
				"Head": {
					"rotation": [-85, 0, 0]
				},
				"RightArm": {
					"rotation": [0, 0, 7.5]
				},
				"LeftArm": {
					"rotation": [0, 0, -10]
				}
			}
		},
		"animation.ironmen.niqoob": {
			"loop": true,
			"override_previous_animation": true,
			"bones": {
				"niqob": {
					"rotation": [-58.5, 0, 0],
					"position": [0, 3, 3.8],
					"scale": [1, 1, 0.3]
				}
			}
		}
	}
}