{
	"format_version": "1.8.0",
	"animations": {
		"animation.laser.shot": {
			"loop": true,
			"animation_length": 0.5,
			"override_previous_animation": true,
			"bones": {
				"bone2": {
					"rotation": {
						"0.0": [0, -8, 0],
						"0.2083": [0, -137, 0],
						"0.3333": [0, -265, 0],
						"0.5": [0, -423, 0]
					},
					"scale": [1, 103.47, 1]
				}
			}
		},
		"animation.laser.shotfp": {
			"loop": true,
			"animation_length": 0.5,
			"override_previous_animation": true,
			"bones": {
				"bone2": {
					"rotation": {
						"0.0": [0, -147, 0],
						"0.1667": [0, -76, 0],
						"0.3333": [0, -161, 0],
						"0.4583": [0, -246, 0]
					},
					"scale": [1, 103.47, 1]
				},
				"RightArm": {
					"rotation": [93.35302, 2.01663, 157.26388],
					"position": [10.7, 2.7, 2.8]
				}
			}
		}
	}
}