{
	"format_version": "1.8.0",
	"animations": {
		"animation.qalqon.off": {
			"loop": true,
			"animation_length": 0.04167,
			"override_previous_animation": true,
			"bones": {
				"qalqon": {
					"scale": -0.02
				},
				"qalqon2": {
					"scale": 0.01
				},
				"qalqon3": {
					"scale": -0.03
				}
			}
		},
		"animation.qalqon": {
			"loop": true,
			"animation_length": 0.16667,
			"override_previous_animation": true,
			"bones": {
				"RightLeg": {
					"rotation": [24, 0, 0]
				},
				"LeftLeg": {
					"rotation": [-20, 0, 0]
				},
				"RightArm": {
					"rotation": [28.37358, -6.26104, 11.41577]
				},
				"LeftArm": {
					"rotation": [-96.89947, 69.6297, -101.67594],
					"position": [0, 0, -1.6]
				},
				"qalqon": {
					"rotation": [0, 1, 19]
				}
			}
		},
		"animation.qalqon.fp": {
			"loop": true,
			"animation_length": 0.16667,
			"override_previous_animation": true,
			"bones": {
				"RightLeg": {
					"rotation": [24, 0, 0]
				},
				"LeftLeg": {
					"rotation": [-20, 0, 0]
				},
				"RightArm": {
					"rotation": [28.37358, -6.26104, 11.41577]
				},
				"LeftArm": {
					"rotation": [-262.1921, -49.03651, 261.65422],
					"position": [-9.3, 0, 4.8]
				},
				"qalqon": {
					"rotation": [-0.07401, -3.47332, 24.38664]
				}
			}
		}
	}
}