{
	"format_version": "1.8.0",
	"animations": {
		"animation.kiyim.lar": {
			"loop": true,
			"animation_length": 3.45833,
			"override_previous_animation": true,
			"bones": {
				"ai": {
					"rotation": {
						"0.0": [0, 0, 0],
						"0.2917": [-102.5, 0, 0],
						"0.625": [-35, 0, 0],
						"0.8333": [-5, 0, 0],
						"1.2083": [-2.5, 0, 0],
						"1.4167": [10, 0, 0],
						"1.9167": [105, 0, 0],
						"2.75": [17.5, 0, 0]
					}
				},
				"arm": {
					"rotation": {
						"0.0": [0, 0, 0],
						"0.25": [0, 0, 15],
						"0.6667": [0, 0, -22.5],
						"0.8333": [0, 0, -45],
						"1.0": [0, -10, -45],
						"1.2083": [-0.44067, -9.99038, -42.46148],
						"1.375": [-5.77509, -8.17773, -9.58682],
						"1.5417": [4.26175, -9.05478, -70.33761],
						"1.7083": [-5.03837, -8.64917, -14.61874],
						"1.75": [-7.10708, -7.05302, 0.43855],
						"1.9583": [-8.6822, -4.98093, 15.37835],
						"2.1667": [-6.46635, -7.64427, -4.56754],
						"2.75": [-7.40702, -6.73717, 2.93659],
						"2.9583": [-16.75378, -9.84655, -34.84892],
						"3.125": [43.67376, 12.16596, -14.33482],
						"3.2917": [-13.72127, 0.54137, 1.36315],
						"3.4583": [-13.71687, -0.64515, -3.49412]
					}
				},
				"arms": {
					"rotation": {
						"0.0": [0, -2.5, 0],
						"0.3333": [2.21783, -1.15408, -62.52234],
						"0.7083": [4.11465, 8.14226, -49.51315],
						"0.8333": [-1.7327, 8.9518, -87.44178],
						"1.0": [3.3858, 8.46951, -54.55536],
						"1.0417": [0.26219, 9.11287, -74.78524],
						"1.2083": [7.40942, 5.32649, -21.961],
						"1.5417": [6.08546, 6.80102, -34.44419],
						"1.7083": [8.21643, 3.96367, -12.02133],
						"1.75": [9.0212, 1.32094, 5.29808],
						"1.9583": [8.38004, 3.6028, -9.5421],
						"2.1667": [-5.07386, -9.8287, -108.60408],
						"2.3333": [-6.0855, -34.71488, -105.99794],
						"2.5": [-4.26587, 2.61242, -79.57555],
						"2.75": [-0.95446, 4.90927, -32.01915],
						"2.9583": [-4.72909, 1.62834, -92.04548],
						"3.125": [-4.87404, 14.08482, -93.09963],
						"3.2917": [-1.47693, 4.57361, -9.43402]
					}
				},
				"reaktr": {
					"rotation": {
						"2.125": [0, 0, 0],
						"2.25": [0, 0, -12.5],
						"2.4167": [0, 0, 0],
						"3.0": [0, 0, 0],
						"3.125": [0, 0, 12.5],
						"3.25": [0, 0, 0]
					},
					"position": {
						"2.1667": [0, 0, 0],
						"2.3333": [-3, 0, 0],
						"3.0": [-3, 0, 0],
						"3.125": [0, 0, 0]
					}
				},
				"reaktor": {
					"position": [0, 0, 0]
				}
			}
		}
	}
}