{
	"format_version" : "1.8.0",
	"animations" : {
		"animation.deah.heasd" : {
			"loop" : true,
			"bones" : {
				"Deah" : {
					"relative_to" : {
						"rotation" : "entity"
					},
					"rotation" : [ "query.target_x_rotation - this", "query.target_y_rotation - this", 0.0 ]
				}
			}
		},
		"animation.hm" : {
			"loop" : true,
			"bones" : {
				"asos" : {
					"relative_to" : {
						"rotation" : "entity"
					},
					"rotation" : [ "query.target_x_rotation - this", "query.target_y_rotation - this", 0.0 ]
				}
			}
		}
	}
}
