{
	"format_version": "1.8.0",
	"animations": {
		"animation.Hulkbuster.walk": {
			"loop": true,
			"animation_length": 0.6667,
			"override_previous_animation": true,
			"bones": {
				"body": {
					"rotation": {
						"0.0": [15, 0, 0],
						"0.1667": [20, 0, 0],
						"0.3333": [17.5, 0, 0],
						"0.5": [22.5, 0, 0],
						"0.6667": [17.5, 0, 0]
					},
					"position": [0, 0, -3]
				},
				"arm0": {
					"rotation": {
						"0.0": [-10, 0, 0],
						"0.25": [-75, 0, 0],
						"0.4583": [37.5, 0, 0],
						"0.6667": [2.5, 0, 0]
					}
				},
				"hand": {
					"rotation": {
						"0.0": [-2.19789, -1.09786, -0.44222],
						"0.25": [-56.19789, -1.09786, -0.44222],
						"0.4583": [-7.29384, -1.09786, -0.44222],
						"0.6667": [-0.46235, 1.31014, 1.51836]
					}
				},
				"arm1": {
					"rotation": {
						"0.0": [7.5, 0, 0],
						"0.2083": [62.5, 0, 0],
						"0.4583": [-67.5, 0, 0],
						"0.6667": [5, 0, 0]
					}
				},
				"hand1": {
					"rotation": {
						"0.0": [0, 0, 0],
						"0.1667": [-65, 0, 0],
						"0.5": [-15, 0, 0],
						"0.6667": [0, 0, 0]
					}
				},
				"leg0": {
					"rotation": {
						"0.0": [5, 0, 0],
						"0.25": [67.5, 0, 0],
						"0.4583": [-30, 0, 0],
						"0.6667": [7.5, 0, 0]
					}
				},
				"knee": {
					"rotation": {
						"0.0": [2.5, 0, 0],
						"0.2083": [50, 0, 0],
						"0.6667": [0, 0, 0]
					}
				},
				"leg1": {
					"rotation": {
						"0.0": [-2.5, 0, 0],
						"0.25": [-45, 0, 0],
						"0.4583": [47.5, 0, 0],
						"0.6667": [5, 0, 0]
					}
				},
				"bone2": {
					"rotation": {
						"0.0": [2.5, 0, 0],
						"0.25": [57.5, 0, 0],
						"0.5417": [55, 0, 0],
						"0.6667": [2.5, 0, 0]
					}
				},
				"root": {
					"scale": {
						"0.0": [1, 1.01, 1],
						"0.2083": [1, 1.05, 1],
						"0.375": [1, 1.01, 1],
						"0.6667": [1, 1.03, 1]
					}
				}
			}
		},
		"animation.hulkbuster.onayr": {
			"loop": true,
			"animation_length": 0.58333,
			"override_previous_animation": true,
			"bones": {
				"body": {
					"rotation": [15, 0, 0],
					"position": [0, 0, -3]
				},
				"arm0": {
					"rotation": [0, 0, 20]
				},
				"hand": {
					"rotation": [0, 0, -22.5]
				},
				"arm1": {
					"rotation": [0, 0, -15]
				},
				"hand1": {
					"rotation": [0.7022, -1.70352, 27.84123]
				},
				"leg0": {
					"rotation": [17.5, 0, 0]
				},
				"knee": {
					"rotation": [22.5, 0, 0]
				},
				"leg1": {
					"rotation": [-12.5, 0, 0]
				},
				"bone2": {
					"rotation": [25, 0, 0]
				},
				"root": {
					"position": {
						"0.0": [0, 2, 0],
						"0.3333": [0, 7, 0],
						"0.5833": [0, 2, 0]
					}
				}
			}
		},
		"animation.hulkbuster.fly": {
			"loop": true,
			"animation_length": 0.70833,
			"override_previous_animation": true,
			"bones": {
				"body": {
					"rotation": [7.5, 0, 0],
					"position": [0, 0, -3]
				},
				"head": {
					"rotation": [-15, 0, 0],
					"position": [0, 0, -6]
				},
				"arm0": {
					"rotation": [29.40842, -6.21271, 10.86815]
				},
				"hand": {
					"rotation": [-42.5, 0, 0]
				},
				"arm1": {
					"rotation": [-10, 0, 0]
				},
				"hand1": {
					"rotation": [-42.5, 0, 0]
				},
				"leg0": {
					"rotation": [42.5, 0, 0]
				},
				"knee": {
					"rotation": [12.5, 0, 0]
				},
				"leg1": {
					"rotation": [7.5, 0, 0]
				},
				"bone2": {
					"rotation": [25, 0, 0]
				},
				"root": {
					"rotation": [30, 0, 0],
					"position": {
						"0.0": [0, 5, 4],
						"0.375": [0, 13, 4],
						"0.7083": [0, 4, 4]
					}
				}
			}
		},
		"animation.hulkbuster.pistonattack": {
			"loop": true,
			"animation_length": 0.08333,
			"override_previous_animation": true,
			"bones": {
				"body": {
					"rotation": [12.5, 0, 0]
				},
				"arm0": {
					"rotation": [-70, 0, 0]
				},
				"hand": {
					"rotation": [0, 0, -7.5],
					"scale": {
						"0.0": [1, 1.05, 1],
						"0.0417": [1, 1.27, 1],
						"0.0833": [1, 1.55, 1]
					}
				},
				"arm1": {
					"rotation": [17.5, 0, 0]
				},
				"hand1": {
					"rotation": [-30, 0, 0]
				},
				"leg0": {
					"rotation": [-17.5, 0, 0]
				},
				"knee": {
					"rotation": [17.5, 0, 0]
				},
				"leg1": {
					"rotation": [15, 0, 0]
				},
				"bone2": {
					"rotation": [12.5, 0, 0]
				}
			}
		},
		"animation.hulkbuster.stand": {
			"loop": true,
			"animation_length": 0.58333,
			"override_previous_animation": true,
			"bones": {
				"root": {
					"scale": {
						"0.0": [1, 1.03, 1],
						"0.3333": [1, 1.09, 1],
						"0.5833": [1, 1.03, 1]
					}
				},
				"leg1": {
					"rotation": [10, 0, 0]
				},
				"bone2": {
					"rotation": [2.5, 0, 0]
				},
				"leg0": {
					"rotation": [-12.5, 0, 0]
				},
				"knee": {
					"rotation": [12.5, 0, 0]
				},
				"arm0": {
					"rotation": {
						"0.0": [9.54589, -2.99318, 17.25002],
						"0.25": [10.91816, -2.42089, 24.56159],
						"0.5833": [9.55393, -2.97391, 17.26604]
					}
				},
				"hand": {
					"rotation": [-17.5, 0, 0]
				},
				"arm1": {
					"rotation": {
						"0.0": [12.5, 0, -12.5],
						"0.3333": [12.31594, 2.15393, -22.26758],
						"0.5833": [12.5, 0, -12.5]
					}
				},
				"hand1": {
					"rotation": [-25, 0, 15]
				}
			}
		},
		"animation.hulkbuster.rep": {
			"loop": true,
			"animation_length": 0.16667,
			"override_previous_animation": true,
			"bones": {
				"leg1": {
					"rotation": [-32.5, 0, 0]
				},
				"bone2": {
					"rotation": [25, 0, 0]
				},
				"leg0": {
					"rotation": [27.5, 0, 0]
				},
				"knee": {
					"rotation": [12.5, 0, 0]
				},
				"body": {
					"rotation": [5, 0, 0],
					"position": [0, 1, 0]
				},
				"arm0": {
					"rotation": [-65, 0, 0]
				},
				"hand": {
					"rotation": [-27.5, 0, 0]
				},
				"arm1": {
					"rotation": [40, 0, 0]
				},
				"hand1": {
					"rotation": [-62.5, 0, 0]
				},
				"repulsor": {
					"rotation": {
						"0.0": [0, -7.5, 0],
						"0.1667": [0, -90, 0]
					},
					"position": [0, -3, -1],
					"scale": [1.6, 489.1, 1.2]
				}
			}
		},
		"animation.hulkbuster.rep2": {
			"loop": true,
			"animation_length": 0.20833,
			"override_previous_animation": true,
			"bones": {
				"leg1": {
					"rotation": [-30, 0, 0]
				},
				"bone2": {
					"rotation": [42.5, 0, 0]
				},
				"leg0": {
					"rotation": [30, 0, 0]
				},
				"knee": {
					"rotation": [27.5, 0, 0]
				},
				"body": {
					"rotation": [10, 0, 0],
					"position": [0, 3, -1]
				},
				"arm0": {
					"rotation": [67.5, 0, 0]
				},
				"hand": {
					"rotation": [-55, 0, 0]
				},
				"arm1": {
					"rotation": [55, 0, 0]
				},
				"hand1": {
					"rotation": [-40, 0, 0]
				},
				"heat": {
					"rotation": {
						"0.0": [-5, 0, 0],
						"0.2083": [0, 7.5, 90]
					},
					"position": [0, 0, -5],
					"scale": [1, 1, 91.5]
				}
			}
		},
		"animation.hulkbuster.classtank": {
			"loop": true,
			"animation_length": 0.125,
			"override_previous_animation": true,
			"bones": {
				"leg1": {
					"rotation": [35, 0, 0]
				},
				"bone2": {
					"rotation": [15, 0, 0]
				},
				"leg0": {
					"rotation": [-35, 0, 0]
				},
				"knee": {
					"rotation": [50, 0, 0]
				},
				"arm0": {
					"rotation": [-125, 0, 0],
					"position": [0, -2, -3]
				},
				"hand": {
					"rotation": [12.5, 0, -62.5],
					"position": [0, -1, 0]
				},
				"arm1": {
					"rotation": [-142.5, 0, 0],
					"position": [0, 0, -5]
				},
				"hand1": {
					"rotation": [0, -15, 65]
				}
			}
		},
		"animation.hulkbuster.fperson": {
			"loop": true,
			"animation_length": 0.08333,
			"override_previous_animation": true,
			"bones": {
				"arm0": {
					"rotation": [85.16289, -5.73853, 130.24258],
					"position": [22, -21, 6]
				},
				"hand": {
					"rotation": [0, 0, -22.5]
				},
				"arm1": {
					"rotation": [-260.32579, 6.13471, -168.25979],
					"position": [-21, -15, 5]
				},
				"hand1": {
					"rotation": [0, 0, 22.5]
				}
			}
		}
	}
}