{
	"format_version": "1.8.0",
	"animations": {
		"animation.ironman.missile": {
			"loop": true,
			"animation_length": 0.33333,
			"override_previous_animation": true,
			"bones": {
				"oq": {
					"position": {
						"0.0": [0, 0, 0],
						"0.125": [0, 2, 0],
						"0.25": [0, -42, 0],
						"0.3333": [0, -213, 0]
					}
				}
			}
		},
		"animation.ironman.missilefp": {
			"loop": true,
			"animation_length": 0.33333,
			"override_previous_animation": true,
			"bones": {
				"oq": {
					"position": {
						"0.0": [0, 0, 0],
						"0.125": [0, 2, 0],
						"0.25": [0, -42, 0],
						"0.3333": [0, -213, 0]
					}
				},
				"RightArm": {
					"rotation": [77.5, 0, -180],
					"position": [10, 1, 6]
				}
			}
		}
	}
}