{
	"format_version": "1.8.0",
	"animations": {
		"animation.mk5.transforming": {
			"loop": true,
			"animation_length": 1.25,
			"override_previous_animation": true,
			"bones": {
				"Body": {
					"rotation": {
						"0.0": [0, 0, 0],
						"0.3333": [42.5, 0, 0],
						"0.4583": [52.5, 0, 0],
						"0.625": [-2.5, 0, 0],
						"0.75": [-7.5, 0, 0],
						"0.9167": [0, 0, 0]
					},
					"position": {
						"0.0": [0, 0, 0],
						"0.3333": [0, -3, -8],
						"0.4583": [0, -5, -9],
						"0.625": [0, 0, 0],
						"0.75": [0, 0, 2],
						"0.9167": [0, 0, 0]
					}
				},
				"Head": {
					"rotation": {
						"0.0": [0, 0, 0],
						"0.3333": [30, 0, 0],
						"0.4583": [47.5, 0, 0],
						"0.6667": [2.5, 0, 0],
						"0.7917": [-17.5, 0, 0],
						"1.0417": [0, 0, 0]
					}
				},
				"RightArm": {
					"rotation": {
						"0.0": [0, 0, 0],
						"0.25": [-46.58994, -20.71501, -18.50097],
						"0.4167": [-24.51604, -45.05075, -57.20219],
						"0.625": [-8.84179, 49.41933, 78.42505],
						"0.9167": [-52.72136, 82.23319, 37.70447],
						"1.0417": [-60.22136, 82.23319, 37.70447],
						"1.25": [3.99342, 3.59052, 3.41267]
					}
				},
				"LeftArm": {
					"rotation": {
						"0.0": [0, 0, 0],
						"0.25": [-50.28872, 17.67415, 14.15251],
						"0.4167": [-31.03795, 44.72566, 49.46542],
						"0.625": [-24.02393, -48.20277, -59.12537],
						"0.9167": [46.32674, -87.58263, -124.32964],
						"1.0417": [33.82674, -87.58263, -124.32964],
						"1.25": [2.12242, 3.83128, -5.33947]
					}
				},
				"mk5case": {
					"rotation": {
						"0.0": [0, 0, 0],
						"0.25": [22.5, -80, 0],
						"0.4167": [85.34224, -42.99741, -16.53957]
					},
					"position": {
						"0.0": [0, 0, 0],
						"0.4583": [5, 2, -7],
						"0.625": [1, 4, -2],
						"0.9167": [1, 4, -1]
					},
					"scale": {
						"0.0": [1, 1, 1],
						"0.4583": [1, 0.4, 0.7],
						"0.625": [1, 0.4, 0.3],
						"0.9167": [0.8, 0.2, 0]
					}
				}
			}
		}
	}
}