{
	"format_version": "1.8.0",
	"animations": {
		"animation.olovli.uchmoq": {
			"loop": true,
			"override_previous_animation": true,
			"animation_length": 0.125,
			"bones": {
				"root": {
					"position": [0, 2, 0]
				},
				"RightLeg": {
					"rotation": [0, 0, 7.5]
				},
				"LeftLeg": {
					"rotation": [-5, 0, -7.5]
				},
				"RightArm": {
					"rotation": [5, 0, 17.5]
				},
				"olovlar": {
					"rotation": {
						"0.0417": [0, -200, 0],
						"0.0833": [0, -245, 0],
						"0.125": [0, -277.5, 0]
					},
					"scale": {
						"0.0": [1, 1, 1],
						"0.0417": [1, 1.5, 1],
						"0.0833": [1, 0.4, 1],
						"0.125": [1, 1.2, 1]
					}
				},
				"LeftArm": {
					"rotation": [-15, 0, -20]
				},
				"olovlar2": {
					"rotation": {
						"0.0": [0, -7.5, 0],
						"0.0417": [0, -100, 0],
						"0.0833": [0, -182.5, 0],
						"0.125": [0, -277.5, 0]
					},
					"scale": {
						"0.0": [1, 1, 1],
						"0.0417": [1, 1.5, 1],
						"0.0833": [1, 0.6, 1],
						"0.125": [1, 0.9, 1]
					}
				},
				"olovlar3": {
					"rotation": {
						"0.0": [0, 2.5, 0],
						"0.0417": [0, -107.5, 0],
						"0.0833": [0, -200, 0],
						"0.125": [0, -287.5, 0]
					},
					"scale": {
						"0.0": [1, 1, 1],
						"0.0417": [1, 2.6, 1],
						"0.0833": [1, 0.8, 1],
						"0.125": [1, 1.3, 1]
					}
				},
				"olovlar4": {
					"rotation": {
						"0.0": [0, 0, 0],
						"0.0417": [0, -82.5, 0],
						"0.0833": [0, -182.5, 0],
						"0.125": [0, -280, 0]
					},
					"scale": {
						"0.0": [1, 1, 1],
						"0.0417": [1, 1.9, 1],
						"0.0833": [1, 0.6, 1],
						"0.125": [1, 1.2, 1]
					}
				}
			}
		}
	}
}