{
	"format_version": "1.8.0",
	"animations": {
		"animation.spim.laser": {
			"loop": true,
			"animation_length": 0.125,
			"override_previous_animation": true,
			"bones": {
				"RightLeg": {
					"rotation": [-10, 0, 0]
				},
				"LeftLeg": {
					"rotation": [5, 0, 0]
				},
				"LeftArm": {
					"rotation": [16.73634, 5.188, -16.73634]
				},
				"laserpl": {
					"rotation": [0, -92.5, 0],
					"position": [2, 0.7, -4]
				},
				"Laserlar": {
					"position": {
						"0.0": [0, 0, 0],
						"0.0417": [-0.2, 0, 0],
						"0.0833": [0, 0, 0],
						"0.125": [-0.1, 0, 0]
					},
					"scale": [1, 139, 1]
				}
			}
		},
		"animation.spim.mask": {
			"loop": true,
			"animation_length": 0.04167,
			"override_previous_animation": true,
			"bones": {
				"bone": {
					"position": [0, 2, 0],
					"scale": [1, 0.1, 1]
				}
			}
		},
		"animation.spim.raketa": {
			"loop": true,
			"animation_length": 0.875,
			"override_previous_animation": true,
			"bones": {
				"Head": {
					"rotation": {
						"0.0": [0, 0, 0],
						"0.3333": [0, 0, 12.5]
					}
				},
				"raketa": {
					"rotation": [0, 92.5, 0],
					"position": {
						"0.0": [-1, 0, 0],
						"0.3333": [-1, 0, -1],
						"0.5833": [-1, 0, -2]
					}
				}
			}
		},
		"animation.spim.transform": {
			"loop": true,
			"animation_length": 1.625,
			"override_previous_animation": true,
			"bones": {
				"Body": {
					"rotation": {
						"0.0": [0, 0, 0],
						"0.375": [-25, 0, 0],
						"0.5": [-32.5, 0, 0],
						"0.75": [0, 0, 0]
					},
					"position": {
						"0.0": [0, 0, 0],
						"0.375": [0, 0, 5],
						"0.5": [0, -2, 6],
						"0.75": [0, 0, 0]
					}
				},
				"RightArm": {
					"rotation": {
						"0.0": [0, 0, 0],
						"0.25": [0, 0, 32.5],
						"0.3333": [0, 0, 47.5],
						"0.6667": [0, 0, 2.5]
					}
				},
				"LeftArm": {
					"rotation": {
						"0.0": [0, 0, 0],
						"0.3333": [5.92898, -6.55045, -36.82238],
						"0.4167": [6.47636, -6.00988, -41.82312],
						"0.7083": [1.46407, -8.70522, -4.09423],
						"0.75": [1.19325, -8.17009, -1.62716]
					}
				},
				"bone": {
					"scale": {
						"0.5833": [1, 0.1, 1],
						"1.0": [1, 1, 1]
					}
				}
			}
		},
		"animation.spim.chap": {
			"loop": true,
			"animation_length": 0.08333,
			"override_previous_animation": true,
			"bones": {
				"LeftArm": {
					"rotation": [87.50001, -362.49525, -179.78197],
					"position": [-10, 0, 2]
				}
			}
		},
		"animation.spim.ong": {
			"loop": true,
			"override_previous_animation": true,
			"bones": {
				"RightArm": {
					"rotation": [-267.5, -360, -180],
					"position": [10, 1, 2]
				}
			}
		},
		"animation.spim.sneak": {
			"loop": true,
			"animation_length": 0.04167,
			"override_previous_animation": true,
			"bones": {
				"RightLeg": {
					"rotation": [40, 0, 0],
					"position": [0, -3, -2]
				},
				"LeftLeg": {
					"rotation": [-20, 0, 0],
					"position": [0, -2, -3]
				},
				"Body": {
					"rotation": [80, 0, 0],
					"position": [0, -12, -13]
				},
				"Head": {
					"rotation": [-65, 0, 0]
				},
				"RightArm": {
					"rotation": [-80, 0, 0]
				},
				"LeftArm": {
					"rotation": [45.23502, 16.3882, -15.63367]
				}
			}
		}
	}
}