{
	"format_version": "1.8.0",
	"animations": {
		"animation.uchishga.tayyorlan": {
			"loop": true,
			"animation_length": 1.70833,
			"override_previous_animation": true,
			"bones": {
				"root": {
					"position": {
						"1.0": [0, -0.1, 0],
						"1.3": [0, -0.4, 0],
						"1.4": [0, -0.22, 0],
						"1.6": [0, 38.5, 0]
					},
					"scale": {
						"0.0": [1, 1, 1],
						"0.8": [1, 0.98, 1],
						"1.3": [1, 0.99, 1]
					}
				},
				"RightLeg": {
					"rotation": {
						"0.0": [0, 0, 0],
						"0.9": [-10, 0, 0]
					},
					"position": {
						"0.0": [0, 0, 0],
						"0.9": [0, -1, -2],
						"1.2": [0, -1, -1],
						"1.5": [0, -1, 1]
					},
					"scale": {
						"0.0": [1, 1, 1],
						"0.9": [1, 0.9, 1]
					}
				},
				"LeftLeg": {
					"rotation": {
						"0.0": [0, 0, 0],
						"0.9": [30, 0, 0]
					}
				},
				"Body": {
					"rotation": {
						"0.0": [0, 0, 0],
						"0.9": [82.5, 0, 0],
						"1.3": [90, 0, 0],
						"1.5": [10, 0, 0]
					},
					"position": {
						"0.0": [0, 0, 0],
						"0.9": [0, -12, -11],
						"1.3": [0, -12, -10],
						"1.5": [0, -1, -2]
					}
				},
				"Head": {
					"rotation": {
						"0.0": [0, 0, 0],
						"0.8": [-37.5, 0, 0],
						"1.0": [-50, 0, 0]
					}
				},
				"RightArm": {
					"rotation": {
						"0.0": [0, 0, 0],
						"0.9": [32.5, -20, 0]
					}
				},
				"LeftArm": {
					"rotation": {
						"0.0": [2.5, 0, 0],
						"0.9": [-85, 15, 0],
						"1.3": [-95, 15, 0],
						"1.5": [-172.5, 15, 0]
					}
				}
			}
		}
	}
}