{
	"format_version": "1.8.0",
	"animations": {
		"animation.mega.off": {
			"loop": true,
			"animation_length": 0.04167,
			"override_previous_animation": true,
			"bones": {
				"lol": {
					"position": [0, 0, -2.9],
					"scale": [0, 0.02, 1]
				}
			}
		},
		"animation.mega.shoot": {
			"loop": true,
			"animation_length": 0.08333,
			"override_previous_animation": true,
			"bones": {
				"lazeri": {
					"rotation": {
						"0.0": [0, 0, 0],
						"0.0417": [0, 0, 90],
						"0.0833": [0, 0, 180]
					},
					"position": [0, 0, -2],
					"scale": [1, 1, 124.8]
				},
				"lazeri2": {
					"rotation": {
						"0.0": [0, 0, 0],
						"0.0417": [0, 0, 95],
						"0.0833": [0, 0, 185]
					},
					"position": [0, 0, -2],
					"scale": [1, 1, 125.4]
				},
				"lazeri3": {
					"rotation": {
						"0.0": [0, 0, 0],
						"0.0417": [0, 0, 77.5],
						"0.0833": [0, 0, 180]
					},
					"position": [0, 0, -2],
					"scale": [1, 1, 115.7]
				},
				"lazeri4": {
					"rotation": {
						"0.0": [0, 0, 0],
						"0.0417": [0, 0, 87.5],
						"0.0833": [0, 0, 177.5]
					},
					"position": [0, 0, -2],
					"scale": [1, 1, 139.3]
				}
			}
		},
		"animation.repulsorlar.shoot": {
			"loop": true,
			"animation_length": 0.125,
			"override_previous_animation": true,
			"bones": {
				"rr": {
					"rotation": {
						"0.0": [0, 0, 0],
						"0.0417": [0, -87.5, 0],
						"0.125": [0, -5, 0]
					},
					"position": [0, -10, 0],
					"scale": [1, 95.1, 1]
				},
				"rr2": {
					"rotation": {
						"0.0": [0, 0, 0],
						"0.0417": [0, -90, 0],
						"0.125": [0, -185, 0]
					},
					"position": [0, -11, 0],
					"scale": [1, 85.7, 1]
				}
			}
		},
		"animation.repulsorlar.shoott": {
			"loop": true,
			"animation_length": 0.125,
			"override_previous_animation": true,
			"bones": {
				"rr": {
					"rotation": {
						"0.0": [0, 0, 0],
						"0.0417": [0, -87.5, 0],
						"0.125": [0, -5, 0]
					},
					"position": [0, -10, 0],
					"scale": [1, 95.1, 1]
				}
			}
		},
		"animation.reactoor.shoot": {
			"loop": true,
			"animation_length": 0.16667,
			"override_previous_animation": true,
			"bones": {
				"react": {
					"rotation": {
						"0.0": [0, 0, 5],
						"0.0833": [0, 0, 92.5],
						"0.1667": [0, 0, 190]
					},
					"position": [0, 0, -4],
					"scale": [1, 1, 199.6]
				}
			}
		}
	}
}