{
  "format_version": "1.10.0",
  "animation_controllers": {
    "controller.animation.shiled": {
      "initial_state": "default",
      "states": {
        "default": {
          "transitions": [
            {
              "speed": "q.get_equipped_item_name(0) == 'ironshield' && !query.is_sneaking"
            }
          ]
        },
        "speed": {
          "transitions": [
            {
              "default": "!query.is_sneaking"
            }
          ],
          "on_entry": [
            "/clear @p shield"
          ]
        }
      }
    }
  }
}