{
  "format_version": "1.10.0",
  "animation_controllers": {
    "controller.animation.tepau": {
      "initial_state": "default",
      "states": {
        "default": { 
 
          "transitions": [
            {
              "flyu": "query.mark_variant >= 1 && query.is_riding"
            }
          ]
        },
        "flyu": {
          "transitions": [
            {
              "default": "query.is_riding"
            }
          ],
          "on_entry": [
            "/execute @p [rx=20] ~~~ effect @e [type=mc:uchmoq] levitation 1 2 true",
            "/execute @p [rxm=20] ~~~ effect @e [type=mc:uchmoq] slow_falling 1 2 true",
            "/execute @p [rx=20] ~~~ summon mc:juum ^^^-0.5"
          ]
        }
      }
    }
  }
}