{
  "format_version": "1.10.0",
  "animation_controllers": {
    "controller.animation.meskof": {
      "initial_state": "default",
      "states": {
        "default": { 
 
          "transitions": [
            {
              "flyu": "query.mark_variant >= 1 && query.scoreboard('hud') == 40"
            }
          ]
        },
        "flyu": {
          "transitions": [
            {
              "default": "query.scoreboard('hud') != 40"
            }
          ],
          "on_entry": [
            "/playsound maskoff"
          ]
        }
      }
    }
  }
}