{
  "format_version": "1.10.0",
  "animation_controllers": {
    "controller.animation.mc_suitcase": {
      "initial_state": "preshoot",
      "states": {
        "preshoot": {
          "transitions": [
            {
              "shoot": "q.get_equipped_item_name(0) == 'suitcase' && q.is_using_item"
            }
          ]
        },
        "shooting": {
          "on_entry": [
            "v.delaytime = q.life_time;"
          ],
          "transitions": [
            {
              "preshoot": "q.get_equipped_item_name(0) != 'suitcase' || !q.is_using_item"
            },
            {
              "shoot": "q.get_equipped_item_name(0) != 'suitcase' || !q.is_using_item"
            }
          ]
        },
        "shoot": {
          "on_entry": [
            "@s mc:suitcase_fire",
            "/playanimation @p animation.mk5.transforming",
            "/replaceitem entity @p slot.armor.head 0 mc:mark5"
          ],
          "transitions": [
            {
              "shooting": "1.0"
            }
          ],
          "on_exit": [
            "v.bullet_fire = q.life_time;"
          ]
        }
      }
    }
  }
}