{
  "format_version": "1.10.0",
  "animation_controllers": {
    "controller.animation.parik": {
      "initial_state": "default",
      "states": {
        "default": { 
 
          "transitions": [
            {
              "flyu": "query.mark_variant <= 25 && query.mark_variant != 0 && query.is_riding"
            }
          ]
        },
        "flyu": {
          "transitions": [
            {
              "default": "query.is_riding"
            }
          ],
          "on_entry": [
            "/particle jey:fiayr ^^^"
          ]
        }
      }
    }
  }
}