{
  "format_version": "1.10.0",
  "animation_controllers": {
    "controller.animation.rem": {
      "initial_state": "default",
      "states": {
        "default": { 
 
          "transitions": [
            {
              "flyu": "query.mark_variant == 0 && query.is_on_ground"
            }
          ]
        },
        "flyu": {
          "transitions": [
            {
              "default": "query.is_on_ground"
            }
          ],
          "on_entry": [
            "/tag @p remove ironman",
            "/tag @p remove superior",
            "/tag @p remove hulkbuster"
          ]
        }
      }
    }
  }
}