{
  "format_version": "1.10.0",
  "animation_controllers": {
    "controller.animation.repuls": {
      "states": {
        "default": {
          "transitions": [
            {
              "walking": "(1.0)"
            }
          ],
          "on_entry": [
            "/playsound lup"
          ]
        },
        "walking": {
          "transitions": [
            {
              "default": "query.get_equipped_item_name=='repulsors' || query.get_equipped_item_name=='repulsorsuperior' || q.get_equipped_item_name(0) == 'reactorbm' && query.is_using_item"
            }
          ],
          "on_entry": [
            "/event entity @p mc:repulsors_fire"
          ]
        }
      }
    }
  }
}