{
  "format_version": "1.10.0",
  "animation_controllers": {
    "controller.animation.sprintingi": {
      "initial_state": "default",
      "states": {
        "default": {
 
          "transitions": [
            {
              "fl": "query.mark_variant >= 1 && !query.is_gliding && query.is_sprinting && !query.is_on_ground"
            }
          ]
        },
        "fl": {
          "transitions": [
            {
              "default": "!query.is_gliding && query.is_sprinting && !query.is_on_ground"
            }
          ],
          "on_entry": [
            "/effect @p [rx=20] levitation 1 4 true",
            "/effect @p [rxm=20] slow_falling 1 2 true"
          ]
        }
      }
    }
  }
}