{
 "format_version": "1.10.0",
 "animation_controllers": {
  "controller.animation.fon": {
    "initial_state" : "default",
   "states": {
    "default": {
     "transitions": [
       { "on_timer": "q.get_equipped_item_name(0) == 'flighton' && q.is_using_item " },
       { "off_timer": "q.get_equipped_item_name(0) == 'flighton' && !q.is_using_item " }
      ]
    },
    "on_timer": {
     "animations" : [ "lan" ],
     "transitions": [ { "on": "query.all_animations_finished" } ],
     "on_entry": [ "@s event:on." ]
    },
    "on": {
     "transitions": [ { "off_timer": "q.get_equipped_item_name(0) == 'flighton' && !q.is_using_item " } ]
    },
    "off_timer": {
     "transitions": [ { "off": "query.all_animations_finished" } ],
     "on_entry": [ "@s event:off." ]
    },
    "off": {
     "transitions": [ { "on_timer": "q.get_equipped_item_name(0) == 'flighton' && q.is_using_item " } ]
    }
   }
  }
 }
}