{
  "format_version": "1.11",
  "minecraft:entity": {
    "description": {
      "identifier": "minecraft:player",
      "is_spawnable": false,
      "is_summonable": false,
      "is_experimental": false,
      "scripts": {
        "animate": [
          "walk",
          "mc:ironshield",
          "mc:laserz",
          "mc:megarepulsor",
          "mc:reactorbm",
          "mc:repulsors",
          "mc:suitcase",
          "mc:rocketblast",
          "mc:megarepulsorspr",
          "mc:repulsorsuperior",
          "mc:suitlar",
          "mc:blastgun",
          "mc:jarvis",
          "mc:hulkbuster",
          "mc:mark2",
          "mc:mark8",
          "mc:mark5",
          "mc:mark31",
          "mc:superior",
          "mc:warmachine",
          "mc:mark10",
          "mc:warmachine2",
          "mc:mark9",
          "mc:prototype",
          "shaza",
          "shazam",
          "hmm",
          "lan",
          "yer",
          "uch",
          "spr",
          "as",
          "ab",
          "az",
          "ag",
          "aj",
          "rem",
          "pat",
          "mesk"
        ]
      },
      "animations": {
        "walk": "controller.animation.walk",
        "mc:ironshield": "controller.animation.mc_ironshield",
        "mc:laserz": "controller.animation.mc_laserz",
        "mc:megarepulsor": "controller.animation.mc_megarepulsor",
        "mc:reactorbm": "controller.animation.mc_reactorbm",
        "mc:repulsors": "controller.animation.mc_repulsors",
        "mc:suitcase": "controller.animation.mc_suitcase",
        "mc:rocketblast": "controller.animation.mc_rocketblast",
        "mc:megarepulsorspr": "controller.animation.mc_megarepulsorspr",
        "mc:repulsorsuperior": "controller.animation.mc_repulsorsuperior",
        "mc:suitlar": "controller.animation.mc_suitlar",
        "mc:blastgun": "controller.animation.mc_blastgun",
        "mc:jarvis": "controller.animation.mc_jarvis",
        "mc:hulkbuster": "controller.animation.mc_hulkbuster",
        "mc:mark2": "controller.animation.mc_mark2",
        "mc:mark8": "controller.animation.mc_mark8",
        "mc:mark5": "controller.animation.mc_mark5",
        "mc:mark31": "controller.animation.mc_mark31",
        "mc:superior": "controller.animation.mc_superior",
        "mc:warmachine": "controller.animation.mc_warmachine",
        "mc:mark10": "controller.animation.mc_mark10",
        "mc:warmachine2": "controller.animation.mc_warmachine2",
        "mc:mark9": "controller.animation.mc_mark9",
        "mc:prototype": "controller.animation.mc_prototype",
        "shaza": "animation.shaza",
        "shazam": "controller.animation.shazam",
        "lan": "animation.lan",
        "hmm": "controller.animation.fon",
        "yer": "controller.animation.yer",
        "uch": "controller.animation.tepau",
        "spr": "controller.animation.sprintingi",
        "as": "controller.animation.shiled",
        "ab": "controller.animation.shild",
        "ag": "controller.animation.repuls",
        "aj": "controller.animation.lazerz",
        "az": "controller.animation.megaa",
        "rem": "controller.animation.rem",
        "pat": "controller.animation.parik",
        "mesk": "controller.animation.meskof"
      }
    },
    "component_groups": {
      "minecraft:normal_player": {
        "minecraft:mark_variant": {
          "value": 0
        },
        "minecraft:health": {
          "value": 20,
          "max": 20
        },
        "minecraft:movement": {
          "value": 0.1
        },
        "minecraft:attack": {
          "damage": 1
        },
        "minecraft:spell_effects": {
          "remove_effects": [
          ]
        }
      },
      "ammo:1": {
        "minecraft:health": {
          "value": 20,
          "max": 20
        }
      },
      "mc:ironshield_fire": {
        "minecraft:spawn_entity": [
          {
            "min_wait_time": 0,
            "max_wait_time": 0,
            "single_use": true,
            "spawn_entity": "mc:ironshield",
            "num_to_spawn": 1
          }
        ]
      },
      "mc:laserz_fire": {
        "minecraft:spawn_entity": [
          {
            "min_wait_time": 0,
            "max_wait_time": 0,
            "single_use": true,
            "spawn_entity": "mc:laserz",
            "num_to_spawn": 1
          }
        ]
      },
      "mc:megarepulsor_fire": {
        "minecraft:spawn_entity": [
          {
            "min_wait_time": 0,
            "max_wait_time": 0,
            "single_use": true,
            "spawn_entity": "mc:megarepulsor",
            "num_to_spawn": 1
          }
        ]
      },
      "mc:reactorbm_fire": {
        "minecraft:spawn_entity": [
          {
            "min_wait_time": 0,
            "max_wait_time": 0,
            "single_use": true,
            "spawn_entity": "mc:reactorbm",
            "num_to_spawn": 1
          }
        ]
      },
      "mc:repulsors_fire": {
        "minecraft:spawn_entity": [
          {
            "min_wait_time": 0,
            "max_wait_time": 0,
            "single_use": true,
            "spawn_entity": "mc:repulsors",
            "num_to_spawn": 1
          }
        ]
      },
      "mc:suitcase_fire": {
        "minecraft:spawn_entity": [
          {
            "min_wait_time": 0,
            "max_wait_time": 0,
            "single_use": true,
            "spawn_entity": "mc:suitcase",
            "num_to_spawn": 1
          }
        ]
      },
      "mc:rocketblast_fire": {
        "minecraft:spawn_entity": [
          {
            "min_wait_time": 0,
            "max_wait_time": 0,
            "single_use": true,
            "spawn_entity": "mc:rocketblast",
            "num_to_spawn": 1
          }
        ]
      },
      "mc:megarepulsorspr_fire": {
        "minecraft:spawn_entity": [
          {
            "min_wait_time": 0,
            "max_wait_time": 0,
            "single_use": true,
            "spawn_entity": "mc:megarepulsorspr",
            "num_to_spawn": 1
          }
        ]
      },
      "mc:repulsorsuperior_fire": {
        "minecraft:spawn_entity": [
          {
            "min_wait_time": 0,
            "max_wait_time": 0,
            "single_use": true,
            "spawn_entity": "mc:repulsorsuperior",
            "num_to_spawn": 1
          }
        ]
      },
      "mc:suitlar_fire": {
        "minecraft:spawn_entity": [
          {
            "min_wait_time": 0,
            "max_wait_time": 0,
            "single_use": true,
            "spawn_entity": "mc:suitlar",
            "num_to_spawn": 1
          }
        ]
      },
      "mc:blastgun_fire": {
        "minecraft:spawn_entity": [
          {
            "min_wait_time": 0,
            "max_wait_time": 0,
            "single_use": true,
            "spawn_entity": "mc:blastgun",
            "num_to_spawn": 1
          }
        ]
      },
      "mc:jarvis_fire": {
        "minecraft:spawn_entity": [
          {
            "min_wait_time": 0,
            "max_wait_time": 0,
            "single_use": true,
            "spawn_entity": "mc:jarvis",
            "num_to_spawn": 1
          }
        ]
      },
      "mc:hulkbuster_event_play": {
        "minecraft:mark_variant": {
          "value": 2
        },
        "minecraft:scale": {
          "value": 1.4
        },
        "minecraft:health": {
          "value": 66,
          "max": 66
        },
        "minecraft:movement": {
          "value": 0.1
        },
        "minecraft:spell_effects": {
          "add_effects": [
            {
              "effect": "jump_boost",
              "duration": 99999,
              "amplifier": 3,
              "visible": false
            },
            {
              "effect": "regeneration",
              "duration": 9999,
              "amplifier": 2,
              "visible": false
            },
            {
              "effect": "resistance",
              "duration": 9999,
              "amplifier": 1,
              "visible": false
            }
          ]
        }
      },
      "mc:mark2_event_play": {
        "minecraft:mark_variant": {
          "value": 3
        },
        "minecraft:scale": {
          "value": 1.0
        },
        "minecraft:health": {
          "value": 20,
          "max": 20
        },
        "minecraft:movement": {
          "value": 0.1
        },
        "minecraft:spell_effects": {
          "add_effects": [
            {
              "effect": "jump_boost",
              "duration": 99999,
              "amplifier": 1,
              "visible": false
            },
            {
              "effect": "regeneration",
              "duration": 9999,
              "amplifier": 1,
              "visible": false
            },
            {
              "effect": "resistance",
              "duration": 9999,
              "amplifier": 1,
              "visible": false
            }
          ]
        }
      },
      "mc:mark8_event_play": {
        "minecraft:mark_variant": {
          "value": 4
        },
        "minecraft:scale": {
          "value": 1.0
        },
        "minecraft:health": {
          "value": 20,
          "max": 20
        },
        "minecraft:movement": {
          "value": 0.1
        },
        "minecraft:spell_effects": {
          "add_effects": [
            {
              "effect": "jump_boost",
              "duration": 99999,
              "amplifier": 5,
              "visible": false
            },
            {
              "effect": "regeneration",
              "duration": 9999,
              "amplifier": 1,
              "visible": false
            },
            {
              "effect": "resistance",
              "duration": 9999,
              "amplifier": 2,
              "visible": false
            }
          ]
        }
      },
      "mc:mark5_event_play": {
        "minecraft:mark_variant": {
          "value": 5
        },
        "minecraft:scale": {
          "value": 1.0
        },
        "minecraft:health": {
          "value": 55,
          "max": 55
        },
        "minecraft:movement": {
          "value": 0.1
        },
        "minecraft:spell_effects": {
          "add_effects": [
            {
              "effect": "jump_boost",
              "duration": 99999,
              "amplifier": 5,
              "visible": false
            },
            {
              "effect": "regeneration",
              "duration": 9999,
              "amplifier": 2,
              "visible": false
            },
            {
              "effect": "resistance",
              "duration": 9999,
              "amplifier": 2,
              "visible": false
            }
          ]
        }
      },
      "mc:mark31_event_play": {
        "minecraft:mark_variant": {
          "value": 6
        },
        "minecraft:scale": {
          "value": 1.0
        },
        "minecraft:health": {
          "value": 45,
          "max": 56
        },
        "minecraft:movement": {
          "value": 0.1
        },
        "minecraft:spell_effects": {
          "add_effects": [
            {
              "effect": "jump_boost",
              "duration": 99999,
              "amplifier": 5,
              "visible": false
            },
            {
              "effect": "regeneration",
              "duration": 9999,
              "amplifier": 2,
              "visible": false
            },
            {
              "effect": "resistance",
              "duration": 9999,
              "amplifier": 1,
              "visible": false
            }
          ]
        }
      },
      "mc:superior_event_play": {
        "minecraft:mark_variant": {
          "value": 7
        },
        "minecraft:scale": {
          "value": 1.0
        },
        "minecraft:health": {
          "value": 56,
          "max": 66
        },
        "minecraft:movement": {
          "value": 0.1
        },
        "minecraft:spell_effects": {
          "add_effects": [
            {
              "effect": "jump_boost",
              "duration": 99999,
              "amplifier": 7,
              "visible": false
            },
            {
              "effect": "regeneration",
              "duration": 9999,
              "amplifier": 2,
              "visible": false
            },
            {
              "effect": "resistance",
              "duration": 9999,
              "amplifier": 2,
              "visible": false
            }
          ]
        }
      },
      "mc:warmachine_event_play": {
        "minecraft:mark_variant": {
          "value": 8
        },
        "minecraft:scale": {
          "value": 1.0
        },
        "minecraft:health": {
          "value": 66,
          "max": 77
        },
        "minecraft:movement": {
          "value": 0.1
        },
        "minecraft:spell_effects": {
          "add_effects": [
            {
              "effect": "jump_boost",
              "duration": 99999,
              "amplifier": 2,
              "visible": false
            },
            {
              "effect": "regeneration",
              "duration": 9999,
              "amplifier": 1,
              "visible": false
            },
            {
              "effect": "resistance",
              "duration": 9999,
              "amplifier": 2,
              "visible": false
            }
          ]
        }
      },
      "mc:mark10_event_play": {
        "minecraft:mark_variant": {
          "value": 9
        },
        "minecraft:scale": {
          "value": 1.0
        },
        "minecraft:health": {
          "value": 66,
          "max": 66
        },
        "minecraft:movement": {
          "value": 0.1
        },
        "minecraft:spell_effects": {
          "add_effects": [
            {
              "effect": "jump_boost",
              "duration": 99999,
              "amplifier": 5,
              "visible": false
            },
            {
              "effect": "regeneration",
              "duration": 9999,
              "amplifier": 2,
              "visible": false
            },
            {
              "effect": "resistance",
              "duration": 9999,
              "amplifier": 2,
              "visible": false
            }
          ]
        }
      },
      "mc:warmachine2_event_play": {
        "minecraft:mark_variant": {
          "value": 10
        },
        "minecraft:scale": {
          "value": 1.0
        },
        "minecraft:health": {
          "value": 56,
          "max": 66
        },
        "minecraft:movement": {
          "value": 0.1
        },
        "minecraft:spell_effects": {
          "add_effects": [
            {
              "effect": "jump_boost",
              "duration": 99999,
              "amplifier": 5,
              "visible": false
            },
            {
              "effect": "regeneration",
              "duration": 9999,
              "amplifier": 3,
              "visible": false
            },
            {
              "effect": "resistance",
              "duration": 9999,
              "amplifier": 2,
              "visible": false
            }
          ]
        }
      },
      "mc:mark9_event_play": {
        "minecraft:mark_variant": {
          "value": 11
        },
        "minecraft:scale": {
          "value": 1.0
        },
        "minecraft:health": {
          "value": 34,
          "max": 44
        },
        "minecraft:movement": {
          "value": 0.1
        },
        "minecraft:spell_effects": {
          "add_effects": [
            {
              "effect": "jump_boost",
              "duration": 99999,
              "amplifier": 5,
              "visible": false
            },
            {
              "effect": "regeneration",
              "duration": 9999,
              "amplifier": 1,
              "visible": false
            },
            {
              "effect": "resistance",
              "duration": 9999,
              "amplifier": 1,
              "visible": false
            }
          ]
        }
      },
      "mc:prototype_event_play": {
        "minecraft:mark_variant": {
          "value": 12
        },
        "minecraft:scale": {
          "value": 1.0
        },
        "minecraft:health": {
          "value": 20,
          "max": 20
        },
        "minecraft:movement": {
          "value": 0.1
        },
        "minecraft:spell_effects": {
          "add_effects": [
            {
              "effect": "slowness",
              "duration": 99999,
              "amplifier": 1,
              "visible": false
            }
          ]
        }
      }
    },
    "components": {
      "minecraft:type_family": {
        "family": [
          "player"
        ]
      },
      "minecraft:loot": {
        "table": "loot_tables/empty.json"
      },
      "minecraft:collision_box": {
        "width": 0.6,
        "height": 1.8
      },
      "minecraft:can_climb": {},
      "minecraft:movement": {
        "value": 0.1
      },
      "minecraft:environment_sensor": [
        {
          "on_environment": {
            "filters": {
              "any_of": [
                {
                  "test": "is_family",
                  "subject": "self",
                  "value": "player"
                }
              ]
            },
            "event": "minecraft:normal_player"
          }
        },
        {
          "on_environment": {
            "filters": {
              "all_of": [
                {
                  "test": "has_equipment",
                  "subject": "self",
                  "domain": "hand",
                  "value": "mc:ironshield"
                },
                {
                  "test": "is_family",
                  "subject": "self",
                  "value": "player"
                }
              ]
            },
            "event": "ammo:1"
          }
        },
        {
          "on_environment": {
            "filters": {
              "all_of": [
                {
                  "test": "has_equipment",
                  "subject": "self",
                  "domain": "hand",
                  "value": "mc:laserz"
                },
                {
                  "test": "is_family",
                  "subject": "self",
                  "value": "player"
                }
              ]
            },
            "event": "ammo:1"
          }
        },
        {
          "on_environment": {
            "filters": {
              "all_of": [
                {
                  "test": "has_equipment",
                  "subject": "self",
                  "domain": "hand",
                  "value": "mc:megarepulsor"
                },
                {
                  "test": "is_family",
                  "subject": "self",
                  "value": "player"
                }
              ]
            },
            "event": "ammo:1"
          }
        },
        {
          "on_environment": {
            "filters": {
              "all_of": [
                {
                  "test": "has_equipment",
                  "subject": "self",
                  "domain": "hand",
                  "value": "mc:reactorbm"
                },
                {
                  "test": "is_family",
                  "subject": "self",
                  "value": "player"
                }
              ]
            },
            "event": "ammo:1"
          }
        },
        {
          "on_environment": {
            "filters": {
              "all_of": [
                {
                  "test": "has_equipment",
                  "subject": "self",
                  "domain": "hand",
                  "value": "mc:repulsors"
                },
                {
                  "test": "is_family",
                  "subject": "self",
                  "value": "player"
                }
              ]
            },
            "event": "ammo:1"
          }
        },
        {
          "on_environment": {
            "filters": {
              "all_of": [
                {
                  "test": "has_equipment",
                  "subject": "self",
                  "domain": "hand",
                  "value": "mc:suitcase"
                },
                {
                  "test": "is_family",
                  "subject": "self",
                  "value": "player"
                }
              ]
            },
            "event": "ammo:1"
          }
        },
        {
          "on_environment": {
            "filters": {
              "all_of": [
                {
                  "test": "has_equipment",
                  "subject": "self",
                  "domain": "hand",
                  "value": "mc:rocketblast"
                },
                {
                  "test": "is_family",
                  "subject": "self",
                  "value": "player"
                }
              ]
            },
            "event": "ammo:1"
          }
        },
        {
          "on_environment": {
            "filters": {
              "all_of": [
                {
                  "test": "has_equipment",
                  "subject": "self",
                  "domain": "hand",
                  "value": "mc:megarepulsorspr"
                },
                {
                  "test": "is_family",
                  "subject": "self",
                  "value": "player"
                }
              ]
            },
            "event": "ammo:1"
          }
        },
        {
          "on_environment": {
            "filters": {
              "all_of": [
                {
                  "test": "has_equipment",
                  "subject": "self",
                  "domain": "hand",
                  "value": "mc:repulsorsuperior"
                },
                {
                  "test": "is_family",
                  "subject": "self",
                  "value": "player"
                }
              ]
            },
            "event": "ammo:1"
          }
        },
        {
          "on_environment": {
            "filters": {
              "all_of": [
                {
                  "test": "has_equipment",
                  "subject": "self",
                  "domain": "hand",
                  "value": "mc:suitlar"
                },
                {
                  "test": "is_family",
                  "subject": "self",
                  "value": "player"
                }
              ]
            },
            "event": "ammo:1"
          }
        },
        {
          "on_environment": {
            "filters": {
              "all_of": [
                {
                  "test": "has_equipment",
                  "subject": "self",
                  "domain": "hand",
                  "value": "mc:blastgun"
                },
                {
                  "test": "is_family",
                  "subject": "self",
                  "value": "player"
                }
              ]
            },
            "event": "ammo:1"
          }
        },
        {
          "on_environment": {
            "filters": {
              "all_of": [
                {
                  "test": "has_equipment",
                  "subject": "self",
                  "domain": "hand",
                  "value": "mc:jarvis"
                },
                {
                  "test": "is_family",
                  "subject": "self",
                  "value": "player"
                }
              ]
            },
            "event": "ammo:1"
          }
        },
        {
          "on_environment": {
            "filters": {
              "all_of": [
                {
                  "test": "has_equipment",
                  "subject": "self",
                  "domain": "hand",
                  "value": "mc:hulkbuster"
                }
              ]
            },
            "event": "mc:hulkbuster_event_hold"
          }
        },
        {
          "on_environment": {
            "filters": {
              "all_of": [
                {
                  "test": "has_equipment",
                  "subject": "self",
                  "domain": "head",
                  "value": "mc:hulkbuster"
                }
              ]
            },
            "event": "mc:hulkbuster_event_play"
          }
        },
        {
          "on_environment": {
            "filters": {
              "all_of": [
                {
                  "test": "has_equipment",
                  "subject": "self",
                  "domain": "hand",
                  "value": "mc:mark2"
                }
              ]
            },
            "event": "mc:mark2_event_hold"
          }
        },
        {
          "on_environment": {
            "filters": {
              "all_of": [
                {
                  "test": "has_equipment",
                  "subject": "self",
                  "domain": "head",
                  "value": "mc:mark2"
                }
              ]
            },
            "event": "mc:mark2_event_play"
          }
        },
        {
          "on_environment": {
            "filters": {
              "all_of": [
                {
                  "test": "has_equipment",
                  "subject": "self",
                  "domain": "hand",
                  "value": "mc:mark8"
                }
              ]
            },
            "event": "mc:mark8_event_hold"
          }
        },
        {
          "on_environment": {
            "filters": {
              "all_of": [
                {
                  "test": "has_equipment",
                  "subject": "self",
                  "domain": "head",
                  "value": "mc:mark8"
                }
              ]
            },
            "event": "mc:mark8_event_play"
          }
        },
        {
          "on_environment": {
            "filters": {
              "all_of": [
                {
                  "test": "has_equipment",
                  "subject": "self",
                  "domain": "hand",
                  "value": "mc:mark5"
                }
              ]
            },
            "event": "mc:mark5_event_hold"
          }
        },
        {
          "on_environment": {
            "filters": {
              "all_of": [
                {
                  "test": "has_equipment",
                  "subject": "self",
                  "domain": "head",
                  "value": "mc:mark5"
                }
              ]
            },
            "event": "mc:mark5_event_play"
          }
        },
        {
          "on_environment": {
            "filters": {
              "all_of": [
                {
                  "test": "has_equipment",
                  "subject": "self",
                  "domain": "hand",
                  "value": "mc:mark31"
                }
              ]
            },
            "event": "mc:mark31_event_hold"
          }
        },
        {
          "on_environment": {
            "filters": {
              "all_of": [
                {
                  "test": "has_equipment",
                  "subject": "self",
                  "domain": "head",
                  "value": "mc:mark31"
                }
              ]
            },
            "event": "mc:mark31_event_play"
          }
        },
        {
          "on_environment": {
            "filters": {
              "all_of": [
                {
                  "test": "has_equipment",
                  "subject": "self",
                  "domain": "hand",
                  "value": "mc:superior"
                }
              ]
            },
            "event": "mc:superior_event_hold"
          }
        },
        {
          "on_environment": {
            "filters": {
              "all_of": [
                {
                  "test": "has_equipment",
                  "subject": "self",
                  "domain": "head",
                  "value": "mc:superior"
                }
              ]
            },
            "event": "mc:superior_event_play"
          }
        },
        {
          "on_environment": {
            "filters": {
              "all_of": [
                {
                  "test": "has_equipment",
                  "subject": "self",
                  "domain": "hand",
                  "value": "mc:warmachine"
                }
              ]
            },
            "event": "mc:warmachine_event_hold"
          }
        },
        {
          "on_environment": {
            "filters": {
              "all_of": [
                {
                  "test": "has_equipment",
                  "subject": "self",
                  "domain": "head",
                  "value": "mc:warmachine"
                }
              ]
            },
            "event": "mc:warmachine_event_play"
          }
        },
        {
          "on_environment": {
            "filters": {
              "all_of": [
                {
                  "test": "has_equipment",
                  "subject": "self",
                  "domain": "hand",
                  "value": "mc:mark10"
                }
              ]
            },
            "event": "mc:mark10_event_hold"
          }
        },
        {
          "on_environment": {
            "filters": {
              "all_of": [
                {
                  "test": "has_equipment",
                  "subject": "self",
                  "domain": "head",
                  "value": "mc:mark10"
                }
              ]
            },
            "event": "mc:mark10_event_play"
          }
        },
        {
          "on_environment": {
            "filters": {
              "all_of": [
                {
                  "test": "has_equipment",
                  "subject": "self",
                  "domain": "hand",
                  "value": "mc:warmachine2"
                }
              ]
            },
            "event": "mc:warmachine2_event_hold"
          }
        },
        {
          "on_environment": {
            "filters": {
              "all_of": [
                {
                  "test": "has_equipment",
                  "subject": "self",
                  "domain": "head",
                  "value": "mc:warmachine2"
                }
              ]
            },
            "event": "mc:warmachine2_event_play"
          }
        },
        {
          "on_environment": {
            "filters": {
              "all_of": [
                {
                  "test": "has_equipment",
                  "subject": "self",
                  "domain": "hand",
                  "value": "mc:mark9"
                }
              ]
            },
            "event": "mc:mark9_event_hold"
          }
        },
        {
          "on_environment": {
            "filters": {
              "all_of": [
                {
                  "test": "has_equipment",
                  "subject": "self",
                  "domain": "head",
                  "value": "mc:mark9"
                }
              ]
            },
            "event": "mc:mark9_event_play"
          }
        },
        {
          "on_environment": {
            "filters": {
              "all_of": [
                {
                  "test": "has_equipment",
                  "subject": "self",
                  "domain": "hand",
                  "value": "mc:prototype"
                }
              ]
            },
            "event": "mc:prototype_event_hold"
          }
        },
        {
          "on_environment": {
            "filters": {
              "all_of": [
                {
                  "test": "has_equipment",
                  "subject": "self",
                  "domain": "head",
                  "value": "mc:prototype"
                }
              ]
            },
            "event": "mc:prototype_event_play"
          }
        }
      ],
      "minecraft:player.saturation": {
        "value": 20
      },
      "minecraft:player.exhaustion": {
        "value": 0,
        "max": 4
      },
      "minecraft:player.level": {
        "value": 0,
        "max": 24791
      },
      "minecraft:player.experience": {
        "value": 0,
        "max": 1
      },
      "minecraft:breathable": {
        "totalSupply": 15,
        "suffocateTime": -1,
        "inhaleTime": 3.75,
        "generatesBubbles": false
      },
      "minecraft:nameable": {
        "alwaysShow": true,
        "allowNameTagRenaming": false
      },
      "minecraft:physics": {},
      "minecraft:insomnia": {
        "days_until_insomnia": 3
      },
      "minecraft:rideable": {
        "seat_count": 2,
        "family_types": [
          "parrot_tame"
        ],
        "pull_in_entities": true,
        "seats": [
          {
            "position": [
              0.4,
              -0.15,
              0.04
            ],
            "min_rider_count": 0,
            "max_rider_count": 0,
            "lock_rider_rotation": 0
          },
          {
            "position": [
              -0.4,
              -0.15,
              0.04
            ],
            "min_rider_count": 1,
            "max_rider_count": 2,
            "lock_rider_rotation": 0
          }
        ]
      },
      "minecraft:scaffolding_climber": {}
    },
    "events": {
      "minecraft:normal_player": {
        "add": {
          "component_groups": [
            "minecraft:normal_player"
          ]
        },
        "remove": {
          "component_groups": [
            "mc:hulkbuster_event_hold",
            "mc:hulkbuster_event_play",
            "mc:mark2_event_hold",
            "mc:mark2_event_play",
            "mc:mark8_event_hold",
            "mc:mark8_event_play",
            "mc:mark5_event_hold",
            "mc:mark5_event_play",
            "mc:mark31_event_hold",
            "mc:mark31_event_play",
            "mc:superior_event_hold",
            "mc:superior_event_play",
            "mc:warmachine_event_hold",
            "mc:warmachine_event_play",
            "mc:mark10_event_hold",
            "mc:mark10_event_play",
            "mc:warmachine2_event_hold",
            "mc:warmachine2_event_play",
            "mc:mark9_event_hold",
            "mc:mark9_event_play",
            "mc:prototype_event_hold",
            "mc:prototype_event_play"
          ]
        }
      },
      "minecraft:entity_spawned": {
        "add": {
          "component_groups": [
            "minecraft:normal_player"
          ]
        },
        "remove": {}
      },
      "ammo:1": {
        "remove": {
          "component_groups": [
            "ammo:1"
          ]
        },
        "add": {
          "component_groups": [
            "ammo:1"
          ]
        }
      },
      "ammo:2": {
        "remove": {
          "component_groups": [
            "ammo:2"
          ]
        },
        "add": {
          "component_groups": [
            "ammo:2"
          ]
        }
      },
      "mc:ironshield_fire": {
        "add": {
          "component_groups": [
            "mc:ironshield_fire"
          ]
        }
      },
      "mc:laserz_fire": {
        "add": {
          "component_groups": [
            "mc:laserz_fire"
          ]
        }
      },
      "mc:megarepulsor_fire": {
        "add": {
          "component_groups": [
            "mc:megarepulsor_fire"
          ]
        }
      },
      "mc:reactorbm_fire": {
        "add": {
          "component_groups": [
            "mc:reactorbm_fire"
          ]
        }
      },
      "mc:repulsors_fire": {
        "add": {
          "component_groups": [
            "mc:repulsors_fire"
          ]
        }
      },
      "mc:suitcase_fire": {
        "add": {
          "component_groups": [
            "mc:suitcase_fire"
          ]
        }
      },
      "mc:rocketblast_fire": {
        "add": {
          "component_groups": [
            "mc:rocketblast_fire"
          ]
        }
      },
      "mc:megarepulsorspr_fire": {
        "add": {
          "component_groups": [
            "mc:megarepulsorspr_fire"
          ]
        }
      },
      "mc:repulsorsuperior_fire": {
        "add": {
          "component_groups": [
            "mc:repulsorsuperior_fire"
          ]
        }
      },
      "mc:suitlar_fire": {
        "add": {
          "component_groups": [
            "mc:suitlar_fire"
          ]
        }
      },
      "mc:blastgun_fire": {
        "add": {
          "component_groups": [
            "mc:blastgun_fire"
          ]
        }
      },
      "mc:jarvis_fire": {
        "add": {
          "component_groups": [
            "mc:jarvis_fire"
          ]
        }
      },
      "mc:hulkbuster_event_hold": {
        "add": {
          "component_groups": [
            "mc:hulkbuster_event_hold"
          ]
        }
      },
      "mc:hulkbuster_event_play": {
        "add": {
          "component_groups": [
            "mc:hulkbuster_event_play"
          ]
        }
      },
      "mc:mark2_event_hold": {
        "add": {
          "component_groups": [
            "mc:mark2_event_hold"
          ]
        }
      },
      "mc:mark2_event_play": {
        "add": {
          "component_groups": [
            "mc:mark2_event_play"
          ]
        }
      },
      "mc:mark8_event_hold": {
        "add": {
          "component_groups": [
            "mc:mark8_event_hold"
          ]
        }
      },
      "mc:mark8_event_play": {
        "add": {
          "component_groups": [
            "mc:mark8_event_play"
          ]
        }
      },
      "mc:mark5_event_hold": {
        "add": {
          "component_groups": [
            "mc:mark5_event_hold"
          ]
        }
      },
      "mc:mark5_event_play": {
        "add": {
          "component_groups": [
            "mc:mark5_event_play"
          ]
        }
      },
      "mc:mark31_event_hold": {
        "add": {
          "component_groups": [
            "mc:mark31_event_hold"
          ]
        }
      },
      "mc:mark31_event_play": {
        "add": {
          "component_groups": [
            "mc:mark31_event_play"
          ]
        }
      },
      "mc:superior_event_hold": {
        "add": {
          "component_groups": [
            "mc:superior_event_hold"
          ]
        }
      },
      "mc:superior_event_play": {
        "add": {
          "component_groups": [
            "mc:superior_event_play"
          ]
        }
      },
      "mc:warmachine_event_hold": {
        "add": {
          "component_groups": [
            "mc:warmachine_event_hold"
          ]
        }
      },
      "mc:warmachine_event_play": {
        "add": {
          "component_groups": [
            "mc:warmachine_event_play"
          ]
        }
      },
      "mc:mark10_event_hold": {
        "add": {
          "component_groups": [
            "mc:mark10_event_hold"
          ]
        }
      },
      "mc:mark10_event_play": {
        "add": {
          "component_groups": [
            "mc:mark10_event_play"
          ]
        }
      },
      "mc:warmachine2_event_hold": {
        "add": {
          "component_groups": [
            "mc:warmachine2_event_hold"
          ]
        }
      },
      "mc:warmachine2_event_play": {
        "add": {
          "component_groups": [
            "mc:warmachine2_event_play"
          ]
        }
      },
      "mc:mark9_event_hold": {
        "add": {
          "component_groups": [
            "mc:mark9_event_hold"
          ]
        }
      },
      "mc:mark9_event_play": {
        "add": {
          "component_groups": [
            "mc:mark9_event_play"
          ]
        }
      },
      "mc:prototype_event_hold": {
        "add": {
          "component_groups": [
            "mc:prototype_event_hold"
          ]
        }
      },
      "mc:prototype_event_play": {
        "add": {
          "component_groups": [
            "mc:prototype_event_play"
          ]
        }
      }
    }
  }
}